category,model,horizon,fold,MAPE,WAPE,sMAPE,MAE,RMSE,true_MASE
Total_Cases,Naive,1,0,8.186185811443188,8.186185811442678,8.535553965258977,1312.0,1312.0,0.44817672008881554
Total_Cases,Naive,1,1,1.2896072824881835,1.2896072824881082,1.281345122481482,221.0,221.0,0.0901881299906139
Total_Cases,Naive,1,2,9.899404113538797,9.899404113538163,10.414911186760241,1545.0,1545.0,0.7078857608308303
Total_Cases,Naive,1,3,12.470402525651144,12.47040252565044,13.2996632996629,2212.0,2212.0,1.1108135252761968
Total_Cases,Naive,1,4,3.1332336395357117,3.1332336395354883,3.0849049989482196,440.0,440.0,0.23454939197068134
Total_Cases,SNaive,1,0,0.41180507892930684,0.4118050789292811,0.41095890410957625,66.0,66.0,0.022545475248370292
Total_Cases,SNaive,1,1,12.907743479021999,12.907743479021248,13.79826585989602,2212.0,2212.0,0.9026974820779998
Total_Cases,SNaive,1,2,2.6911001473697698,2.6911001473695975,2.6553708035656998,420.0,420.0,0.19243496410935193
Total_Cases,SNaive,1,3,3.3882061111737514,3.3882061111735604,3.4465949820787545,601.0,601.0,0.30180783394710414
Total_Cases,SNaive,1,4,11.137221391440576,11.137221391439782,10.549747048903523,1564.0,1564.0,0.8337164750957854
Total_Cases,ETS,1,0,5.4707442115598175,5.470744211559476,5.624597893397935,876.7961747866921,876.7961747866921,0.2995119160078655
Total_Cases,ETS,1,1,8.922480359486944,8.922480359486421,8.541426795368347,1529.0454592052774,1529.0454592052774,0.6239898218839977
Total_Cases,ETS,1,2,3.605702733398529,3.605702733398298,3.671901662708403,562.7420256015084,562.7420256015084,0.25783628928440544
Total_Cases,ETS,1,3,2.0380640739196028,2.0380640739194877,2.059046416560166,361.5118054318591,361.5118054318591,0.18154258726072603
Total_Cases,ETS,1,4,5.5298118468953605,5.529811846894967,5.381031391216836,776.5514776595155,776.5514776595155,0.4139538111794852
Total_Cases,Theta,1,0,5.767886344137975,5.767886344137615,5.939168591201409,924.4191443749933,924.4191443749933,0.3157798324034251
Total_Cases,Theta,1,1,1.9327518864653073,1.9327518864651942,1.9142530059233998,331.2156907835597,331.2156907835597,0.1351661709290437
Total_Cases,Theta,1,2,4.625713580323342,4.625713580323045,4.735232732097464,721.9351184810639,721.9351184810639,0.3307751395575816
Total_Cases,Theta,1,3,8.635883381550238,8.635883381549752,9.025603685949745,1531.8329942193814,1531.8329942193814,0.7692499134010955
Total_Cases,Theta,1,4,3.2479504152580314,3.2479504152578005,3.196047397892078,456.1096768146854,456.1096768146854,0.24313692583824642
Total_Cases,ARIMA,1,0,7.470817966875655,7.470817966875189,7.760712311747183,1197.3479955511611,1197.3479955511611,0.40901181208158316
Total_Cases,ARIMA,1,1,1.5734506445607415,1.5734506445606495,1.5611685363616652,269.64223695837427,269.64223695837427,0.11003859329303971
Total_Cases,ARIMA,1,2,8.154525553663593,8.154525553663069,8.501139343731904,1272.676803160277,1272.676803160277,0.5831131308070301
Total_Cases,ARIMA,1,3,10.822691136692173,10.822691136691564,11.441849132669404,1919.7289538264577,1919.7289538264577,0.9640419922128177
Total_Cases,ARIMA,1,4,2.30117389722486,2.3011738972246962,2.274998066391691,323.1538503872871,323.1538503872871,0.17226258891209706
Total_Cases,SARIMA,1,0,20.368536212184452,20.368536212183177,18.48588420315302,3264.465298726802,3264.465298726802,1.115135175630437
Total_Cases,SARIMA,1,1,6.918674163934711,6.918674163934307,6.687336647491839,1185.6531914734915,1185.6531914734915,0.4838544984452375
Total_Cases,SARIMA,1,2,14.752281845077174,14.752281845076231,13.738882509960076,2302.388627561195,2302.388627561195,1.0549049355012348
Total_Cases,SARIMA,1,3,3.3882061111737514,3.3882061111735604,3.4465949820787545,601.0,601.0,0.30180783394710414
Total_Cases,SARIMA,1,4,11.137221391440576,11.137221391439782,10.549747048903523,1564.0,1564.0,0.8337164750957854
Total_Cases,LGBM,1,0,18.43810225386397,18.43810225386282,16.88176381649305,2955.0746482267787,2955.0746482267787,1.0094479142224757
Total_Cases,LGBM,1,1,1.5307731800615783,1.5307731800614888,1.5425798796005086,262.32859986715266,262.32859986715266,0.10705396319038238
Total_Cases,LGBM,1,2,5.279563199043826,5.279563199043488,5.143778676033595,823.9814284747699,823.9814284747699,0.37753056336979735
Total_Cases,LGBM,1,3,9.336059318887054,9.336059318886528,9.793209230371898,1656.0302019841856,1656.0302019841856,0.8316187823824166
Total_Cases,LGBM,1,4,19.087175808461613,19.087175808460252,17.424274823961472,2680.4120987822644,2680.4120987822644,1.4288387000005407
Total_Cases,Ensemble,1,0,4.019437988694985,4.019437988694734,3.940250035310445,644.1953264481454,644.1953264481454,0.2200559058720073
Total_Cases,Ensemble,1,1,3.5633167748772254,3.563316774877017,3.500941949003348,610.64559571071,610.64559571071,0.24919902427218724
Total_Cases,Ensemble,1,2,0.7291806353471147,0.729180635347068,0.7265317708557293,113.8032217586242,113.8032217586242,0.05214218784440349
Total_Cases,Ensemble,1,3,6.844180804444572,6.844180804444186,7.0866938753889315,1214.0207910923782,1214.0207910923782,0.6096522218408328
Total_Cases,Ensemble,1,4,8.260666671856093,8.260666671855505,7.933007037638702,1160.0454207287512,1160.0454207287512,0.6183817002052313
Total_Cases,Naive,3,0,11.061987224883689,11.30733530227209,11.836636076170459,1876.0,2075.3276046606875,0.6408380540294344
Total_Cases,Naive,3,1,2.6319988981525353,2.7149663465173806,2.6927134835060107,478.6666666666667,665.0097743642569,0.19533959979867507
Total_Cases,Naive,3,2,12.186253927488625,12.429941462199269,13.103937759333117,1996.0,2173.48215236902,0.9145242580053963
Total_Cases,Naive,3,3,10.213434269498324,10.314816597669967,10.81701721891742,1785.6666666666667,1875.9226174516546,0.8967191161700704
Total_Cases,Naive,3,4,8.606848199605494,9.065857774549611,9.138657442838777,1414.6666666666667,1735.0175791616637,0.7541118329724027
Total_Cases,SNaive,3,0,1.2741545440044195,1.2677556104715155,1.2801164179995173,210.33333333333334,241.57055560091203,0.07184946909960432
Total_Cases,SNaive,3,1,5.4534895499518905,5.382666565832161,5.767407774061787,949.0,1321.8649704111233,0.3872784405479303
Total_Cases,SNaive,3,2,3.3211179342747914,3.3192178353467985,3.2657026677179872,533.0,538.9907234823248,0.24420913302448707
Total_Cases,SNaive,3,3,4.169348915652396,4.157119476268332,4.12100745674015,719.6666666666666,724.5713675454383,0.3613993973886843
Total_Cases,SNaive,3,4,4.145235657845517,3.7745925277165795,3.9518205820997783,589.0,909.3303396822668,0.31397634516075296
Total_Cases,ETS,3,0,8.298163803406831,8.467401906106705,8.717238572929158,1404.8266502421914,1538.7811585292302,0.47988612835282235
Total_Cases,ETS,3,1,8.957886959220945,8.832775495621549,8.486440479718434,1557.2772050480792,1730.167869829123,0.6355109457026972
Total_Cases,ETS,3,2,5.348789870717235,5.461546034474382,5.5212795736521905,877.0150622159144,966.0231063888732,0.4018294333830489
Total_Cases,ETS,3,3,4.284385689568484,4.146358868483559,4.126115937761712,717.8038261156593,994.7449266899337,0.36046392339253064
Total_Cases,ETS,3,4,6.480129634541802,6.578494530347633,6.604147939120174,1026.530214830568,1066.4356254907477,0.5472091766546423
Total_Cases,Theta,3,0,8.967343112950594,9.22744685722094,9.526551511545101,1530.9257080815569,1784.3868264683138,0.5229613281613107
Total_Cases,Theta,3,1,2.8099292845811483,2.8769899794001823,2.8569463737716156,507.2325133014577,636.7283924700172,0.2069970671723876
Total_Cases,Theta,3,2,7.159954844871494,7.4214291902822564,7.560962659385726,1191.7330993755495,1476.8928403209588,0.5460264671577634
Total_Cases,Theta,3,3,6.376646575971505,6.480062540978021,6.639516319930514,1121.8068268856666,1255.2443357353916,0.5633445732602946
Total_Cases,Theta,3,4,8.677290441788514,9.135885749530368,9.213802387819243,1425.5940653092475,1745.2946492420451,0.7599368663983995
Total_Cases,ARIMA,3,0,10.310669667443092,10.556938511083757,10.997552671946465,1751.5016683739414,1961.8276526040988,0.5983096592697571
Total_Cases,ARIMA,3,1,2.736074122401075,2.8092038403531356,2.7883884201553784,495.28136507986954,642.9873022090438,0.20211991011652478
Total_Cases,ARIMA,3,2,10.33787810983744,10.58422199104863,11.027452303632217,1699.614367322624,1901.413433914971,0.7787267375606381
Total_Cases,ARIMA,3,3,8.532653597637353,8.635818371703802,8.967301156130734,1495.004090448152,1601.5121068886365,0.7507553182699124
Total_Cases,ARIMA,3,4,8.734546271439665,9.240665244163296,9.32537273034335,1441.944206916752,1800.2562846061908,0.7686525840635693
Total_Cases,SARIMA,3,0,10.637971402153514,10.460710210989143,10.001929597872856,1735.5364311052435,2044.7281789084977,0.5928559643958816
Total_Cases,SARIMA,3,1,5.628340873994788,5.511021208616218,5.412639376491823,971.6297792204483,1155.070395121336,0.3965134517243678
Total_Cases,SARIMA,3,2,7.856475963151145,7.593647248271003,7.403137338504985,1219.387875127383,1526.911620492318,0.5586972904417068
Total_Cases,SARIMA,3,3,4.169348915652396,4.157119476268332,4.12100745674015,719.6666666666666,724.5713675454383,0.3613993973886843
Total_Cases,SARIMA,3,4,4.145235657845517,3.7745925277165795,3.9518205820997783,589.0,909.3303396822668,0.31397634516075296
Total_Cases,LGBM,3,0,12.82717255628938,12.661890126415546,12.206495018648758,2100.7341908736453,2192.272083594271,0.717606828844651
Total_Cases,LGBM,3,1,9.278331145523094,9.452274761805592,9.932665945311264,1666.4990556714358,1998.6782618180418,0.6800834093309085
Total_Cases,LGBM,3,2,7.350165028154167,7.29252541401013,7.19688897248164,1171.0337309817708,1215.956908580502,0.5365424618864704
Total_Cases,LGBM,3,3,4.410191882585818,4.48518461125257,4.548808769802296,776.460209284689,999.4867655247322,0.3899197569223413
Total_Cases,LGBM,3,4,9.223001485425035,8.56854366126701,8.553168060922902,1337.064114716337,1724.1998725338485,0.7127444889375776
Total_Cases,Ensemble,3,0,5.328278751241267,5.578756053352691,5.549919572523994,925.5714168117635,1274.5171892271458,0.3161734464898278
Total_Cases,Ensemble,3,1,3.7484445557317927,3.7696569482486777,3.7494969149100372,664.6156510225761,679.7368517154796,0.2712237227521293
Total_Cases,Ensemble,3,2,3.644985246387665,3.8446375732446603,3.7834032036370013,617.3719015116403,906.5039156906612,0.2828665231178925
Total_Cases,Ensemble,3,3,3.720631854843322,3.7624177543492285,3.8037123085153954,651.3372202404365,763.8633261377572,0.32708598271197015
Total_Cases,Ensemble,3,4,6.307796878499648,6.322533191457466,6.327178617653749,986.5891543056823,1084.1242761648227,0.5259179233346966
Total_Cases,Naive,6,0,14.081402481061733,14.315660756397799,15.275177750984462,2458.5,2612.705526205865,0.8398189530017934
Total_Cases,Naive,6,1,6.441720094459967,5.922172558310793,6.036342628426961,991.5,1475.6082926486058,0.4046223116999714
Total_Cases,Naive,6,2,13.855134796828802,14.157518288278062,15.04628961029573,2319.1666666666665,2518.0764814966733,1.062592272056203
Total_Cases,Naive,6,3,9.037241094708932,9.062526017816905,9.162423430954949,1451.3333333333333,1594.9660393458748,0.7288249079343823
Total_Cases,Naive,6,4,9.406182150169958,9.689544027633314,9.969150521321557,1538.1666666666667,1735.8561288309581,0.8199455827641735
Total_Cases,SNaive,6,0,3.068598015955593,3.1589367339214176,3.1692725452894566,542.5,806.4602697384829,0.18531697457940732
Total_Cases,SNaive,6,1,5.053632824491958,5.036186077070819,5.230249209748017,843.1666666666666,1071.3756732973422,0.34408880062029845
Total_Cases,SNaive,6,2,5.251139892971652,5.152258182669069,5.051576459100642,844.0,1035.7176256103785,0.3867026421626024
Total_Cases,SNaive,6,3,7.054578140177388,6.669927566397399,6.685935182063753,1068.1666666666667,1334.5856410636723,0.5364077669902914
Total_Cases,SNaive,6,4,4.34046214404801,4.149212048673405,4.130436647070235,658.6666666666666,1020.6189298655987,0.35111333222277746
Total_Cases,ETS,6,0,14.422298927558899,14.750773986702495,15.889365067595007,2533.2241706063774,2882.4198871557696,0.8653445884390826
Total_Cases,ETS,6,1,12.682474692962248,12.23221876234161,11.77686308697754,2047.9384522225234,2205.2933156405,0.8357454268860706
Total_Cases,ETS,6,2,8.778192227164672,9.034167532315996,9.336997740538212,1479.9020404145856,1750.4521871150532,0.6780592762679464
Total_Cases,ETS,6,3,10.308148485198739,9.580467114152398,9.5164563145786,1534.279873441142,1909.7796906124786,0.770478677657085
Total_Cases,ETS,6,4,7.042267020613664,7.170706379207668,7.322924111669342,1138.3137841673333,1305.4577094618105,0.6067972862461214
Total_Cases,Theta,6,0,12.422987669315635,12.67758787458224,13.392610144659953,2177.1855536414023,2369.939816141812,0.7437224698595698
Total_Cases,Theta,6,1,6.564215947112949,6.043748620454128,6.153510570601506,1011.8544669508077,1467.4729606352064,0.41292878822146056
Total_Cases,Theta,6,2,9.09695668497153,9.41994406615684,9.699829207813398,1543.0967373839446,1834.6505951055544,0.7070137268469939
Total_Cases,Theta,6,3,8.249628685449109,7.946086406214461,8.03162466858027,1272.539251000572,1500.0817278150266,0.6390387936059116
Total_Cases,Theta,6,4,9.594806973153556,9.878548045033755,10.17599865969876,1568.1701094088996,1762.7610395994895,0.8359394219737596
Total_Cases,ARIMA,6,0,13.338175560061446,13.573271805460541,14.41791993124365,2331.0058335107888,2491.750162716598,0.796267186715519
Total_Cases,ARIMA,6,1,6.67700601927802,6.144112317780637,6.2494474785113985,1028.657524430041,1500.498786584339,0.41978596619511144
Total_Cases,ARIMA,6,2,11.996461072666731,12.303263058143807,12.921762539682438,2015.4180269929877,2238.910408466321,0.9234211802136583
Total_Cases,ARIMA,6,3,8.581397387549487,8.456706862869053,8.543995690649727,1354.313415065617,1530.7241038473444,0.6801038241039256
Total_Cases,ARIMA,6,4,9.781390284248609,10.091809008312515,10.40929454888118,1602.024221024587,1816.71029326601,0.8539859249173211
Total_Cases,SARIMA,6,0,10.108140137123454,10.035531831944184,10.065492410994196,1723.452059158951,1939.275222546094,0.5887279657806204
Total_Cases,SARIMA,6,1,7.248481676775745,7.026245214754538,6.942306284802295,1176.3456842629078,1283.0492250377288,0.4800561877203655
Total_Cases,SARIMA,6,2,6.90156361640562,6.753970154891027,6.686828620095778,1106.3791076896352,1303.817200104727,0.5069191044752185
Total_Cases,SARIMA,6,3,7.054578140177388,6.669927566397399,6.685935182063753,1068.1666666666667,1334.5856410636723,0.5364077669902914
Total_Cases,SARIMA,6,4,4.34046214404801,4.149212048673405,4.130436647070235,658.6666666666666,1020.6189298655987,0.35111333222277746
Total_Cases,LGBM,6,0,10.28106712298517,10.104278359604177,9.998748924541516,1735.2582440866402,1850.9220429933373,0.5927609362361491
Total_Cases,LGBM,6,1,10.277612361655745,9.927915608273498,10.12486221491954,1662.1481776631792,2101.662398288027,0.6783078547997684
Total_Cases,LGBM,6,2,10.199581410949154,10.165586022912917,10.350314945193864,1665.2415890567536,1809.0409790260283,0.7629778700560393
Total_Cases,LGBM,6,3,7.944980514298187,7.557460091908793,7.628075596280367,1210.3020421855663,1464.8843052136212,0.607784755031252
Total_Cases,LGBM,6,4,6.651946377235425,6.245033287013987,6.2590919174437865,991.3678091470459,1335.9445650480507,0.5284652655789683
Total_Cases,Ensemble,6,0,8.827862281163572,9.090014885805621,9.365006449938862,1561.0737064138436,1831.0281238880582,0.5332598274065907
Total_Cases,Ensemble,6,1,7.250794338051849,6.776774225530138,6.849614059063058,1134.5788354619763,1433.3366221019407,0.4630115090373034
Total_Cases,Ensemble,6,2,6.263001290241628,6.571359784638614,6.63594437265891,1076.4653985879702,1458.6289985903436,0.49321328652913154
Total_Cases,Ensemble,6,3,7.244761610491094,6.811917693814526,6.918267813876107,1090.9059122720948,1356.238551510044,0.547826872583911
Total_Cases,Ensemble,6,4,5.308092226535232,5.343127421492384,5.3946577521876256,848.1947625248173,999.3262162024357,0.4521444677793462
Total_Cases,Naive,12,0,13.558837938010567,13.86773074390393,14.660262178854252,2351.6666666666665,2523.2720820395093,0.8033248882689515
Total_Cases,Naive,12,1,6.9324514726665525,6.531146221193487,6.551928263893446,1081.6666666666667,1430.6988385634018,0.441418524614694
Total_Cases,Naive,12,2,13.076145095580504,13.578392282958129,14.230301887715225,2199.4166666666665,2495.870372568789,1.007725398360739
Total_Cases,Naive,12,3,7.198626040339522,7.231818538166006,7.2918791779307,1153.0833333333333,1367.8986012615603,0.5790508871777703
Total_Cases,Naive,12,4,13.512749195312665,11.822330746199171,12.320553889357534,1694.5833333333333,2196.5653681752033,0.9033261147204176
Total_Cases,SNaive,12,0,4.061115420223776,4.085624146166452,4.199760877518735,692.8333333333334,948.2151654556048,0.23667055708958412
Total_Cases,SNaive,12,1,5.152386358731805,5.093589614571777,5.140912834424329,843.5833333333334,1053.6974977035234,0.34425883857276945
Total_Cases,SNaive,12,2,6.15285901657452,5.902508038585179,5.868755820582198,956.0833333333334,1194.5354396863522,0.43805681413226083
Total_Cases,SNaive,12,3,5.697520142112699,5.4151096244805945,5.408185914566995,863.4166666666666,1188.0197459077297,0.43358721124874455
Total_Cases,SNaive,12,4,17.298295861307626,13.705415540245843,13.66441729425005,1964.5,3146.446620130927,1.0472097284690989
Total_Cases,ETS,12,0,11.282333513281419,11.616805831583696,12.228041603928972,1969.9585715769201,2322.450051403534,0.6729341244818539
Total_Cases,ETS,12,1,10.40271352917308,10.062063696517427,9.720801796101366,1666.4454492049028,1906.5194321546717,0.6800615330097681
Total_Cases,ETS,12,2,7.935348717189326,8.10070900926822,8.304192610147785,1312.146094730432,1558.38958603786,0.6011971110611356
Total_Cases,ETS,12,3,9.794367965204538,9.260342929031843,9.153167380191322,1476.523095271931,1770.7895389735327,0.7414746042544013
Total_Cases,ETS,12,4,15.479213475114841,12.77886974834189,13.090204304529324,1831.6912425529663,2665.0887334126055,0.9764137891336818
Total_Cases,Theta,12,0,12.570733064552442,12.882188293924443,13.540715206911635,2184.5400205698948,2373.8642230812848,0.7462347418611045
Total_Cases,Theta,12,1,6.820862958416744,6.431984948970683,6.4572049531305895,1065.2439072987,1399.5679746940077,0.43471654291024714
Total_Cases,Theta,12,2,9.614187267375087,9.989778772638491,10.22346564196148,1618.136040776347,1903.1900346699722,0.741395121263917
Total_Cases,Theta,12,3,6.8739103472078735,6.6487300784336805,6.701411951575786,1060.1123079642623,1301.8109875223277,0.532363060577969
Total_Cases,Theta,12,4,13.211993572493713,11.594933297323017,12.097662862208436,1661.9887515050475,2164.616701719489,0.885951025290047
Total_Cases,ARIMA,12,0,12.949412520992118,13.235295412742248,13.939612546332686,2244.419337267154,2408.768320907349,0.7666894032624284
Total_Cases,ARIMA,12,1,7.173266336051272,6.759485715073402,6.768840148227039,1119.4834925114121,1463.5505309458144,0.4568512341401162
Total_Cases,ARIMA,12,2,11.545309738474918,12.000487275143692,12.444510515793453,1943.8289284217226,2237.4595394244125,0.8906205954179862
Total_Cases,ARIMA,12,3,6.935872115184898,6.8460451513803715,6.899254840811307,1091.5733741994752,1308.3344790225708,0.5481620560091104
Total_Cases,ARIMA,12,4,13.408038169382374,11.811466813081939,12.312520848781478,1693.0261243201421,2191.755277445008,0.9024960182949283
Total_Cases,SARIMA,12,0,5.990837878744036,6.046631945847868,5.981266214303661,1025.3777676569769,1410.8917116832429,0.350267107286963
Total_Cases,SARIMA,12,1,9.886424436386932,9.539097314976654,9.236970589480602,1579.8335003153916,1868.5679627632767,0.6447159687329009
Total_Cases,SARIMA,12,2,6.726773540032986,6.443290679550633,6.409329364432804,1043.678854864717,1345.7196404900214,0.47819119756566986
Total_Cases,SARIMA,12,3,5.697520142112699,5.4151096244805945,5.408185914566995,863.4166666666666,1188.0197459077297,0.43358721124874455
Total_Cases,SARIMA,12,4,17.298295861307626,13.705415540245843,13.66441729425005,1964.5,3146.446620130927,1.0472097284690989
Total_Cases,LGBM,12,0,8.670848355714678,8.664596286279673,8.618383460595568,1469.3277972335036,1687.009956939793,0.5019195982465212
Total_Cases,LGBM,12,1,8.717311171870449,8.531021336741233,8.593101778251395,1412.8793170533008,1736.9275251823524,0.5765834547848547
Total_Cases,LGBM,12,2,9.383935440253872,9.160514001999204,9.265767138765048,1483.8124242821702,1638.333675288764,0.6798509300279759
Total_Cases,LGBM,12,3,8.396493167933677,7.989878170417892,7.962530979479597,1273.952783114096,1610.953120620915,0.6397486356448424
Total_Cases,LGBM,12,4,18.384497597337297,15.342280553977977,15.422638278084296,2199.124138905831,2882.5592797878467,1.1722800673827518
Total_Cases,Ensemble,12,0,8.019016521081923,8.295818498163369,8.458746385470723,1406.791074554387,1647.5847893920773,0.48055717198476033
Total_Cases,Ensemble,12,1,7.499499198656152,7.111099258338963,7.0946311524284615,1177.7165555019103,1453.0601918133937,0.4806156280529608
Total_Cases,Ensemble,12,2,6.271274014496635,6.458147539893433,6.498943095464346,1046.085356722327,1367.4998446877798,0.47929380494328483
Total_Cases,Ensemble,12,3,6.584651588589328,6.238260957017386,6.303209262210717,994.6647168424397,1251.6649822556092,0.49949684474846323
Total_Cases,Ensemble,12,4,14.129394200014723,11.500752455092952,11.962866144601392,1648.4891050318956,2412.39213394623,0.8787548119443721
Murder,Naive,1,0,12.5,12.499999999952651,13.333333333306395,33.0,33.0,1.040735873850197
Murder,Naive,1,1,18.627450980392158,18.627450980331282,20.540540540503528,57.0,57.0,1.8978912319644838
Murder,Naive,1,2,7.476635514018691,7.476635513983755,7.7669902912432836,16.0,16.0,0.5625
Murder,Naive,1,3,8.108108108108109,8.108108108080717,8.450704225337233,24.0,24.0,0.8491996630160067
Murder,Naive,1,4,0.8658008658008658,0.8658008657971178,0.8620689655153835,2.0,2.0,0.07207207207207207
Murder,SNaive,1,0,2.6515151515151514,2.651515151505108,2.68714011515799,7.0,7.0,0.22076215505913274
Murder,SNaive,1,1,8.823529411764707,8.823529411735871,9.230769230753452,27.0,27.0,0.8990011098779134
Murder,SNaive,1,2,23.364485981308412,23.36448598119923,20.920502092006444,50.0,50.0,1.7578125
Murder,SNaive,1,3,3.3783783783783785,3.378378378366965,3.3222591362071054,10.0,10.0,0.35383319292333615
Murder,SNaive,1,4,7.35930735930736,7.3593073592755,7.640449438185078,17.0,17.0,0.6126126126126126
Murder,ETS,1,0,2.6200682841076217,2.620068284097697,2.6548476953309583,6.916980270044121,6.916980270044121,0.21814392441663458
Murder,ETS,1,1,6.776916948892333,6.776916948870185,7.014603888799735,20.737365863610535,20.737365863610535,0.6904783306418601
Murder,ETS,1,2,15.001800420474218,15.001800420404116,13.955046321568403,32.103852899814825,32.103852899814825,1.128651078509115
Murder,ETS,1,3,5.067746192852759,5.067746192835639,5.199494792542296,15.000528730844167,15.000528730844167,0.5307684976372831
Murder,ETS,1,4,0.5195477855507634,0.5195477855485143,0.5209009502255407,1.2001553846222635,1.2001553846222635,0.04324884268909057
Murder,Theta,1,0,10.101071734732795,10.101071734694534,10.638366237225517,26.666829379694576,26.666829379694576,0.8410038174936529
Murder,Theta,1,1,16.410022750531372,16.410022750477747,17.876817674206293,50.214669616626,50.214669616626,1.6719645821296114
Murder,Theta,1,2,12.433201566856656,12.433201566798559,11.705516345961907,26.607051353073246,26.607051353073246,0.9354041491314813
Murder,Theta,1,3,1.237478418546416,1.2374784185422354,1.245182853083487,3.6629361188973917,3.6629361188973917,0.12960683824236768
Murder,Theta,1,4,2.7591530616454887,2.7591530616335445,2.7216064182322994,6.373643572401079,6.373643572401079,0.22968084945589473
Murder,ARIMA,1,0,8.7610227565782,8.761022756545014,9.162381939963241,23.129100077366445,23.129100077366445,0.72943285395111
Murder,ARIMA,1,1,14.377934192853392,14.377934192806405,15.491621785705304,43.99647863013138,43.99647863013138,1.4649215970077039
Murder,ARIMA,1,2,3.2509845568224818,3.2509845568072904,3.198985297811569,6.95710695160011,6.95710695160011,0.24458579126719138
Murder,ARIMA,1,3,12.724661072355303,12.724661072312315,13.589254351581893,37.6649967741717,37.6649967741717,1.3327126070052326
Murder,ARIMA,1,4,0.14922491448448683,0.14922491448384084,0.14933633799549761,0.34470955245916457,0.34470955245916457,0.012421965854384308
Murder,SARIMA,1,0,8.808684179881695,8.80868417984833,9.214523308319992,23.254926234887677,23.254926234887677,0.7334010901935667
Murder,SARIMA,1,1,15.333048129155424,15.333048129105316,16.606163662518426,46.9191272752156,46.9191272752156,1.562235092404515
Murder,SARIMA,1,2,9.153242209969322,9.15324220992655,8.752665857084745,19.58793832933435,19.58793832933435,0.6886384568906607
Murder,SARIMA,1,3,1.742957795639622,1.7429577956337337,1.7278995159794122,5.159155075093281,5.159155075093281,0.18254803130068897
Murder,SARIMA,1,4,9.486429080353602,9.486429080312536,9.958796147213231,21.91365117561682,21.91365117561682,0.7896811234456512
Murder,LGBM,1,0,6.070728246891799,6.070728246868804,6.260765269730503,16.026722571794352,16.026722571794352,0.5054419733548811
Murder,LGBM,1,1,14.08250449719379,14.082504497147772,15.149197722445093,43.092463761413,43.092463761413,1.4348212129216316
Murder,LGBM,1,2,20.223038994381312,20.223038994286814,18.36596124246053,43.27730344797601,43.27730344797601,1.5214676993429066
Murder,LGBM,1,3,8.406116374810189,8.406116374781792,8.774931867073626,24.88210446943816,24.88210446943816,0.8804114471073317
Murder,LGBM,1,4,8.630760515438556,8.630760515401194,8.273718117211173,19.937056790663064,19.937056790663064,0.7184524969608311
Murder,Ensemble,1,0,7.27231504043842,7.272315040410874,7.546725881079322,19.19891170675743,19.19891170675743,0.6054847318819688
Murder,Ensemble,1,1,13.396085303725268,13.396085303681494,14.357775211207016,40.992021029399325,40.992021029399325,1.364884163021065
Murder,Ensemble,1,2,12.012453549700798,12.012453549644665,11.331837680807098,25.706650596359708,25.706650596359708,0.903749435028271
Murder,Ensemble,1,3,5.138608852585006,5.138608852567645,5.274116973422074,15.210282203651616,15.210282203651616,0.5381902717383048
Murder,Ensemble,1,4,0.2469423593390508,0.2469423593379818,0.24663783269697465,0.5704368500732073,0.5704368500732073,0.020556282885520985
Murder,Naive,3,0,6.753261358524516,6.979865771802711,7.106072194463615,17.333333333333332,21.24460715883759,0.5466491458607096
Murder,Naive,3,1,12.344187566539851,12.631578947353647,13.308145725085849,36.0,39.5558676641869,1.1986681465038844
Murder,Naive,3,2,14.802283103301376,15.624999999977806,16.412826724886216,36.666666666666664,43.711173247428015,1.2890625
Murder,Naive,3,3,9.967901272249097,9.783989834803323,9.674044265575292,25.666666666666668,26.413380447543375,0.9081718618365627
Murder,Naive,3,4,2.097642594504519,2.1126760563350526,2.121424237889094,5.0,5.446711546122731,0.18018018018018017
Murder,SNaive,3,0,9.498323314112788,9.395973154349804,8.870165787035758,23.333333333333332,29.314387821227538,0.735873850197109
Murder,SNaive,3,1,6.3295059515344185,6.432748538004172,6.486905251599645,18.333333333333332,19.39931270260195,0.6104328523862375
Murder,SNaive,3,2,12.201904094078737,11.789772727255981,11.446333264180385,27.666666666666668,32.067636852960234,0.9726562500000001
Murder,SNaive,3,3,9.141427108179027,8.64040660735878,8.535455072146087,22.666666666666668,27.65260686927485,0.802021903959562
Murder,SNaive,3,4,8.997732857565493,9.014084507029557,8.957499813142139,21.333333333333332,22.015146301277824,0.7687687687687688
Murder,ETS,3,0,3.5468213757383746,3.4788153622466726,3.619947724759694,8.639058149590833,9.661371362315048,0.2724538706835479
Murder,ETS,3,1,9.44754897682358,9.481860382509685,10.05569644642403,27.023302090184206,31.57100223923274,0.8997769841348792
Murder,ETS,3,2,10.529805513097145,10.532038474539434,10.455268314212901,24.715183620287643,26.395637925788556,0.8688931741507375
Murder,ETS,3,3,3.447472092982848,3.5896911778030387,3.456921467613715,9.41695652311527,11.035162688209386,0.33320317941941135
Murder,ETS,3,4,6.065103199380725,6.14087694568369,6.507587945344764,14.53340877147187,21.69734351858115,0.5237264422152025
Murder,Theta,3,0,5.250152206365324,5.433672173646786,5.462995847220372,13.493619231240965,16.783328206418727,0.4255543515765876
Murder,Theta,3,1,10.24224873654113,10.529521129492712,10.942241129759092,30.00913521908933,34.021373298102105,0.999194291423618
Murder,Theta,3,2,6.8807543496354695,6.834096759039323,6.7241896856135,16.037347061235057,18.965045599047894,0.563812982621545
Murder,Theta,3,3,5.920956497940287,5.651216040539072,5.697276323940565,14.825023413033003,17.207389327046364,0.5245585369396681
Murder,Theta,3,4,5.345221174221213,5.37439363100465,5.2818289220595025,12.719398260062254,13.709229200296088,0.4583566940562975
Murder,ARIMA,3,0,4.216392560586332,4.385972767785553,4.370006072477749,10.891832373348743,14.242096535684786,0.3435006267547567
Murder,ARIMA,3,1,9.080508317838348,9.317609519642236,9.610568107980596,26.555187131011433,29.732797430090812,0.8841904705109245
Murder,ARIMA,3,2,9.757479790115049,10.477952664669214,10.523810101022296,24.58826225312535,31.739876111240342,0.8644310948364381
Murder,ARIMA,3,3,9.240636023546461,9.417090737237018,9.329940127497897,24.704168034049832,26.729999868378204,0.8741154654002468
Murder,ARIMA,3,4,2.2973895020260917,2.323273060984422,2.3360144993866365,5.498412911004209,6.6009538604130364,0.19814100580195348
Murder,SARIMA,3,0,5.80471589626573,5.924057812927971,5.901294350831026,14.71141023545754,16.183077816051735,0.4639603753626557
Murder,SARIMA,3,1,16.006488983694325,16.188927720094107,17.869639004738694,46.13844400232217,52.240994871837856,1.536241198745466
Murder,SARIMA,3,2,7.529490196316253,7.674198433812883,7.592061651977322,18.008785658039812,19.689332427807603,0.6331213707904622
Murder,SARIMA,3,3,9.882199861754028,9.249132468628458,9.178577881780333,24.263557509399487,29.79586665080355,0.8585252025229809
Murder,SARIMA,3,4,8.470441254062244,8.449435421860137,8.317135898370863,19.996997165097156,23.48719530832241,0.7206125104539516
Murder,LGBM,3,0,6.938853190085132,6.8192903140280245,6.743941879555326,16.934570946525657,19.668022032861888,0.5340731967366831
Murder,LGBM,3,1,7.837339472614454,8.151761425497915,8.332494966987031,23.232520062696228,28.873263739686042,0.7735578267268444
Murder,LGBM,3,2,11.935112310454144,11.410974737523876,11.1993415128891,26.777754050760734,29.40741867512555,0.9414054158470571
Murder,LGBM,3,3,12.189056908171427,11.720570096731372,11.32882191137445,30.746962220464365,38.54903381730595,1.0879295815160095
Murder,LGBM,3,4,5.342362581419583,5.298315254119842,5.143755955359438,12.539346101434623,15.053522833373895,0.45186832797962606
Murder,Ensemble,3,0,2.8652781723120855,2.998225152855786,2.9548945431427875,7.4455924629351955,11.177052673153163,0.2348150054013728
Murder,Ensemble,3,1,9.911922262453416,10.163758376068978,10.610278531732348,28.966711371830467,33.4842594585028,0.9644853952884728
Murder,Ensemble,3,2,7.81931257451358,7.95999175790323,7.795029194152734,18.679447325239448,22.25692252305419,0.6566993200279494
Murder,Ensemble,3,3,7.521405620589388,7.299464100330903,7.285595546222473,19.1489274898924,20.486559961392672,0.6775526154806073
Murder,Ensemble,3,4,3.3760460187273993,3.4137786146788835,3.3843217261799072,8.079276054751404,9.67593598821792,0.29114508305410464
Murder,Naive,6,0,9.65324026939262,9.941520467829799,10.29494931220844,25.5,29.288791940490366,0.8042049934296978
Murder,Naive,6,1,12.216406951048796,11.89873417720766,12.298403092900037,31.333333333333332,36.69695718539436,1.0432852386237512
Murder,Naive,6,2,20.705505815484106,21.73913043476829,23.67092947642264,55.0,62.069853122644545,1.93359375
Murder,Naive,6,3,11.982007729507131,11.62790697673646,11.297794727219621,29.166666666666668,31.184932259025352,1.0320134793597304
Murder,Naive,6,4,8.445837183074117,9.067188519237398,9.120659968783688,23.166666666666668,31.51454690562228,0.8348348348348349
Murder,SNaive,6,0,9.14593359476142,9.096816114354063,8.633483632048709,23.333333333333332,26.932013168965543,0.735873850197109
Murder,SNaive,6,1,8.054925458719476,7.7848101265773515,8.053575968846998,20.5,23.717082451262844,0.6825749167591565
Murder,SNaive,6,2,11.063056368003087,10.737812911718882,10.703324909008298,27.166666666666668,29.5606720717465,0.9550781250000001
Murder,SNaive,6,3,9.990373371264099,9.63455149501021,9.765679021441688,24.166666666666668,27.107809452874154,0.8550968828980624
Murder,SNaive,6,4,5.584173484239056,5.283757338548412,5.583749295396685,13.5,16.527754435090895,0.4864864864864865
Murder,ETS,6,0,4.893010301258211,4.830092769791667,4.818554236967676,12.389187954523678,14.656282282265295,0.3907234046104708
Murder,ETS,6,1,9.683272103306162,9.882337075565705,10.225319619779523,26.023487632339492,29.45146420179428,0.8664868246061984
Murder,ETS,6,2,10.537772713918878,10.608778230103507,10.643447724927151,26.840208922179556,29.116468292346415,0.943601094920375
Murder,ETS,6,3,5.995717638675412,5.94694586806261,6.268653743324724,14.916922552400289,18.470820784624124,0.5278102335305915
Murder,ETS,6,4,6.818521433899965,7.097211058040691,7.297363119540429,18.133374253305792,25.35904404458345,0.6534549280470556
Murder,Theta,6,0,8.323315173843714,8.593221936391195,8.8152307767495,22.041614266857735,25.86388642871507,0.6951363237905199
Murder,Theta,6,1,11.24452916310243,10.762401419351542,11.11488584720469,28.340990404310332,33.989871961215826,0.9436511788338623
Murder,Theta,6,2,9.576978300657078,9.742420067753347,9.586060309307815,24.648322771432206,27.433010473507878,0.8665425974331635
Murder,Theta,6,3,5.0585652819359,4.898074234511857,4.970761802653135,12.286002871575405,14.588639057064889,0.4347195624314802
Murder,Theta,6,4,5.88425144485529,5.971179298838812,5.885790503612628,15.256363108543118,16.49340350360876,0.5497788507583106
Murder,ARIMA,6,0,7.2485549169464525,7.514265690955259,7.6482285490283255,19.274091497312764,23.397347308373654,0.6078557108219531
Murder,ARIMA,6,1,11.263443901906626,10.57267263748439,10.925928750322832,27.841371278726513,33.201008699482024,0.9270156918554887
Murder,ARIMA,6,2,15.53216849411293,16.54019473125002,17.325955272587514,41.846692670090114,49.796179518510336,1.4711727891828557
Murder,ARIMA,6,3,9.793970335512752,9.705397925524343,9.510304843612266,24.344373129873066,27.003377258291813,0.8613847274260057
Murder,ARIMA,6,4,8.846997736700473,9.486881381835314,9.579820636935565,24.23898193060504,32.69682574932093,0.8734768263281095
Murder,SARIMA,6,0,6.945875948966718,6.947548252394191,6.760188573718036,17.820461267402678,21.371574168968394,0.5620119190770884
Murder,SARIMA,6,1,16.71369835594968,17.15935059292903,18.623346721736148,45.18628989474172,50.543190797613235,1.504537954319924
Murder,SARIMA,6,2,9.222415220948983,9.459063692846005,9.402799052155125,23.931431142916157,25.674787752724818,0.8413393761181462
Murder,SARIMA,6,3,10.623775262798455,10.220288262356537,10.258136335941073,25.635889724761345,28.5217282744739,0.9070828714742851
Murder,SARIMA,6,4,5.884547239702814,5.687413977721797,5.787123415517748,14.531342713088671,17.899885106472077,0.523651989660853
Murder,LGBM,6,0,6.726489792148474,6.74611865660002,6.787167207969354,17.30379435419029,20.40751719579714,0.545717561761586
Murder,LGBM,6,1,10.487224464376117,10.025952215295646,10.385436839195313,26.40167416696191,31.558105663841797,0.8790790510642145
Murder,LGBM,6,2,9.337445432737699,9.054239101344521,9.133544026204127,22.907224926416728,26.34895247798065,0.8053321263193381
Murder,LGBM,6,3,9.565475697285729,9.425223397967258,9.001389930868008,23.641602023250247,29.991764015229787,0.8365183529709438
Murder,LGBM,6,4,5.785174545955956,5.7481767686468865,5.585167723239939,14.686591643902375,17.01823745438787,0.5292465457262117
Murder,Ensemble,6,0,4.030334614067532,4.15643332259171,4.13567953149262,10.66125147245466,13.077300324222799,0.33622869295520613
Murder,Ensemble,6,1,10.55828115126417,10.512266692041887,10.877282397800759,27.682302289061155,30.93532337714648,0.9217192771052548
Murder,Ensemble,6,2,8.982284732719453,9.344793119399865,9.29998967018052,23.642326592097234,28.131684889484,0.8311755442534184
Murder,Ensemble,6,3,6.068772254726227,5.964725747661214,5.910090362250891,14.961520417060152,16.779807052937997,0.5293882540156077
Murder,Ensemble,6,4,3.5554926435556404,3.7060730505205925,3.6359505144223663,9.46901664408629,13.181430088910224,0.34122582501211857
Murder,Naive,12,0,12.902905286688826,13.241423533179466,13.784640529122202,34.416666666666664,39.01602234979881,1.0854139290407359
Murder,Naive,12,1,11.204922435051525,11.039380245315998,11.251106351412528,28.5,33.093302444250966,0.9489456159822419
Murder,Naive,12,2,20.578299975191914,21.402580218319088,23.38705879794697,53.916666666666664,59.86860613042532,1.8955078125
Murder,Naive,12,3,10.950148273407748,10.599078341010335,10.361117838863336,26.833333333333332,29.425046020921247,0.949452401010952
Murder,Naive,12,4,16.035822555438884,21.802325581389013,19.25440654625592,62.5,120.65446531314123,2.2522522522522523
Murder,SNaive,12,0,8.600429526740445,8.43218980442179,8.343529800447852,21.916666666666668,25.37551313110075,0.6911957950065704
Murder,SNaive,12,1,9.55899091336128,9.231762427369517,9.378450438927645,23.833333333333332,26.798631805871484,0.7935627081021087
Murder,SNaive,12,2,10.52671486963359,10.188554416139533,10.234501965224991,25.666666666666668,28.36077102854105,0.9023437500000001
Murder,SNaive,12,3,7.787273427751577,7.439104674125267,7.674714158419187,18.833333333333332,22.44994432064365,0.666385846672283
Murder,SNaive,12,4,12.148424459690805,17.180232558134538,14.31984772160376,49.25,110.08140926907988,1.7747747747747749
Murder,ETS,12,0,7.234256132986465,7.315390841036897,7.445408981085855,19.01392002766783,22.806349021133006,0.5996505659185649
Murder,ETS,12,1,10.494229127672455,10.69192224799299,10.974237424348198,27.602979270244145,30.5413066901516,0.9190781111069082
Murder,ETS,12,2,8.5901592015108,8.604861128712136,8.81247332852166,21.677079326754495,24.973857891060785,0.7620848200812127
Murder,ETS,12,3,7.0574288940854695,7.1790431603115765,7.485349424690078,18.174944267528126,23.60940091514954,0.6430898561383162
Murder,ETS,12,4,12.770572781964177,18.441871741764164,15.53697401933691,52.866698993072646,112.693410333196,1.9051062700206358
Murder,Theta,12,0,12.163657755890501,12.520802315697999,12.98365837583502,32.54365201889548,37.517954804925445,1.0263438218836944
Murder,Theta,12,1,10.8610354452794,10.588065540286404,10.79134958094089,27.334855869848223,32.03280600788244,0.9101505839017165
Murder,Theta,12,2,7.179996719598504,7.3344632846128075,7.220595664485434,18.47673542449321,21.943188199183606,0.6495727297673395
Murder,Theta,12,3,6.254265852525647,6.308906846319726,6.279166334930513,15.97204916593803,18.625620094230143,0.5651441153912361
Murder,Theta,12,4,11.186982878453806,16.240489284045196,13.096500856471879,46.55606928094309,103.7240165392553,1.6776961903042555
Murder,ARIMA,12,0,11.01929435908741,11.244575537017099,11.581131977269136,29.226525916639645,34.4103790455934,0.9217301208927089
Murder,ARIMA,12,1,10.90039464595648,10.365668167610016,10.566542217297558,26.76069998605516,31.222621513822286,0.8910332958730908
Murder,ARIMA,12,2,15.05044164146329,15.88476047423234,16.687630212294657,40.01635909468354,47.216419799949165,1.406825124422468
Murder,ARIMA,12,3,8.905833923250349,8.795228683934589,8.66643406183052,22.266587284835065,25.229013403604714,0.7878657674499349
Murder,ARIMA,12,4,16.271025695640205,22.085848170331943,19.5884025988784,63.312764754969976,121.39809650783603,2.28154107225117
Murder,SARIMA,12,0,7.800349687353078,7.728128600414158,7.774471747479701,20.08669425391624,22.723405762587443,0.6334831302154924
Murder,SARIMA,12,1,17.231675610216794,17.784496146000368,19.31141152825563,45.91364088360577,52.081307215445676,1.5287560782554641
Murder,SARIMA,12,2,7.439796919278398,7.505061070692978,7.6493639841359355,18.906499680593647,22.266086804628248,0.6646816293958705
Murder,SARIMA,12,3,8.07195103428383,7.730396832261528,7.846574570491289,19.570787980348545,23.25946589050084,0.6924794399112375
Murder,SARIMA,12,4,12.666782465743074,17.36357210629881,14.53628860206568,49.77557337140439,107.8902049873353,1.7937143557262845
Murder,LGBM,12,0,9.392716733901311,9.275026339603972,9.459257465106676,24.107339294361722,29.33641568499527,0.7602840250521437
Murder,LGBM,12,1,11.056674522945343,10.717373016649736,10.916487347847974,27.668684671326332,32.24740989965138,0.9212658603105327
Murder,LGBM,12,2,8.311514715046556,8.042190736789106,8.027617764340249,20.259618831101257,24.390514413831454,0.7122522245309036
Murder,LGBM,12,3,7.725043668436888,7.70450452554015,7.431956193970947,19.5052372904989,25.74095840022382,0.6901600389224548
Murder,LGBM,12,4,14.033443104655982,19.342883985831325,16.439252996846655,55.44960075939925,115.07676896419476,1.9981838111495227
Murder,Ensemble,12,0,7.6972290219394255,7.813836209118744,7.957016368682081,20.30946261354098,25.026151083071895,0.6405086763797418
Murder,Ensemble,12,1,10.087577680942667,10.253005139626554,10.424939545596418,26.46984160214443,30.434275436550518,0.881348776985941
Murder,Ensemble,12,2,6.75006479843367,7.053356390578758,6.996443166977934,17.7685803072722,22.851178531695993,0.6246766514275383
Murder,Ensemble,12,3,5.239767594607503,5.254488839945356,5.189368619119858,13.30261424646604,16.11239284607047,0.47069064730545385
Murder,Ensemble,12,4,11.34806985620596,16.921942552261203,13.732583151276836,48.50956864982955,110.96363902937404,1.7480925639578218
Theft,Naive,1,0,5.761316872427984,5.76131687242008,5.932203389826319,42.0,42.0,0.3605150214592275
Theft,Naive,1,1,13.324360699865412,13.324360699847476,12.492113564660889,99.0,99.0,0.8663943990665111
Theft,Naive,1,2,11.35204081632653,11.352040816312051,12.035158891134527,89.0,89.0,0.8264121743616198
Theft,Naive,1,3,3.6159600997506236,3.6159600997461148,3.5517452541313212,29.0,29.0,0.2853127196064652
Theft,Naive,1,4,6.275033377837117,6.275033377828739,6.478290833903186,47.0,47.0,0.4863117051088597
Theft,SNaive,1,0,4.801097393689986,4.8010973936834,4.919184820797668,35.0,35.0,0.30042918454935624
Theft,SNaive,1,1,8.344549125168237,8.344549125157007,8.70786516853321,62.0,62.0,0.5425904317386231
Theft,SNaive,1,2,7.015306122448979,7.015306122440032,7.2703238598762265,55.0,55.0,0.510704152695383
Theft,SNaive,1,3,7.356608478802992,7.35660847879382,7.63754045306949,59.0,59.0,0.5804638088545327
Theft,SNaive,1,4,4.672897196261682,4.672897196255443,4.566210045659122,35.0,35.0,0.36214701444276787
Theft,ETS,1,0,0.16341536802407058,0.16341536802384643,0.16354900012418472,1.1912980328954745,1.1912980328954745,0.010225734187943987
Theft,ETS,1,1,24.113477655203607,24.113477655171152,21.51898931512497,179.1631389781628,179.1631389781628,1.5679387891904564
Theft,ETS,1,2,7.8088312358515255,7.8088312358415655,7.515398830172083,61.22123688907595,61.22123688907595,0.5684716347708884
Theft,ETS,1,3,10.664961588098878,10.66496158808558,10.125045482357102,85.532991936553,85.532991936553,0.841505191223993
Theft,ETS,1,4,4.21771199658631,4.217711996580678,4.1306035165588915,31.590662854431457,31.590662854431457,0.32687040677143997
Theft,Theta,1,0,5.110729538200362,5.110729538193351,5.244752085208837,37.25721833348064,37.25721833348064,0.3198044492144261
Theft,Theta,1,1,9.205216764298163,9.205216764285774,8.800178988522388,68.39476055873536,68.39476055873536,0.5985539138745801
Theft,Theta,1,2,3.7455131628758185,3.7455131628710414,3.816996210621025,29.364823196946418,29.364823196946418,0.27266794817902273
Theft,Theta,1,3,16.855885926694476,16.85588592667346,15.545702948900095,135.1842051320897,135.1842051320897,1.3299921797956822
Theft,Theta,1,4,3.561070333878072,3.5610703338733174,3.4987734423236403,26.67241680074676,26.67241680074676,0.27598103178181604
Theft,ARIMA,1,0,5.244219450070265,5.244219450063071,5.385431369747822,38.23035979101223,38.23035979101223,0.3281575947726372
Theft,ARIMA,1,1,8.101374255975049,8.101374255964146,7.785988232835711,60.193210721894616,60.193210721894616,0.5267783902149471
Theft,ARIMA,1,2,5.462276094214038,5.462276094207072,5.615647170680193,42.82424457863806,42.82424457863806,0.39764580986096726
Theft,ARIMA,1,3,0.8038051082881796,0.8038051082871774,0.8005875265702357,6.446516968471201,6.446516968471201,0.06342321683668083
Theft,ARIMA,1,4,0.4984007858173589,0.49840078581669356,0.4996459053763754,3.7330218857720183,3.7330218857720183,0.03862579230805279
Theft,SARIMA,1,0,0.9979534480648364,0.9979534480634676,1.0029579749107804,7.275080636392659,7.275080636392659,0.06244704408920737
Theft,SARIMA,1,1,18.602966716700983,18.602966716675944,17.019866652402836,138.2200427050883,138.2200427050883,1.2096269781658837
Theft,SARIMA,1,2,3.7975371081478477,3.7975371081430036,3.726774289848516,29.772690927879125,29.772690927879125,0.27645521625061864
Theft,SARIMA,1,3,6.8058157388435845,6.805815738835099,7.045569994632149,54.58264222552555,54.58264222552555,0.5370042102300475
Theft,SARIMA,1,4,2.7762262302594163,2.77622623025571,2.7382166853278824,20.79393446464303,20.79393446464303,0.21515603671111563
Theft,LGBM,1,0,14.6027237733902,14.602723773370169,13.609075892998094,106.45385630801457,106.45385630801457,0.9137670069357473
Theft,LGBM,1,1,0.35049804973179305,0.35049804973132137,0.35111337249302466,2.6042005095072227,2.6042005095072227,0.02279055288366881
Theft,LGBM,1,2,4.074666729783262,4.074666729778064,3.9933096989211414,31.945387161500776,31.945387161500776,0.29662985241527673
Theft,LGBM,1,3,1.7819937935921546,1.7819937935899328,1.7980140429173854,14.291590224609081,14.291590224609081,0.14060594739601345
Theft,LGBM,1,4,3.7083580405548178,3.7083580405498666,3.778416649363462,27.775601723755585,27.775601723755585,0.2873957496745566
Theft,Ensemble,1,0,0.6172811938061302,0.6172811938052836,0.615381875511895,4.49997990284669,4.49997990284669,0.03862643693430635
Theft,Ensemble,1,1,11.934507468489205,11.934507468473143,11.262448584741275,88.6733904908748,88.6733904908748,0.7760215037124398
Theft,Ensemble,1,2,1.2946491633385468,1.2946491633368955,1.2863224817140533,10.150049440574207,10.150049440574207,0.09424858907935812
Theft,Ensemble,1,3,3.9473686181291585,3.947368618124237,3.8709679314547025,31.657896317395853,31.657896317395853,0.311462086046059
Theft,Ensemble,1,4,1.269649946870309,1.269649946868614,1.26164073639977,9.509678102058615,9.509678102058615,0.09839718665635128
Theft,Naive,3,0,10.949025958941993,11.772260273967564,12.002644418336809,91.66666666666667,119.98472124955467,0.7868383404864092
Theft,Naive,3,1,9.956054156816348,9.732454439701538,9.918977695238523,83.66666666666667,84.61875284671439,0.7322053675612603
Theft,Naive,3,2,9.429321440859475,9.583694709449443,9.977811085269723,73.66666666666667,80.05206639015219,0.6840340469435131
Theft,Naive,3,3,3.4202088348006163,3.4906783022596226,3.4721135641905083,29.333333333333332,37.44329045369811,0.28859217615366595
Theft,Naive,3,4,13.169735972038096,13.475760065729878,14.262762781095509,109.33333333333333,119.30632841555388,1.1312782927355034
Theft,SNaive,3,0,9.407860357825157,10.05993150684501,10.127869225502872,78.33333333333333,99.89494481704267,0.6723891273247496
Theft,SNaive,3,1,10.083393763326555,10.197751066300816,10.62890130073033,87.66666666666667,89.60096725668386,0.7672112018669779
Theft,SNaive,3,2,6.420236380798156,6.591500433648485,6.30084524474578,50.666666666666664,61.48712602380003,0.47046685581635284
Theft,SNaive,3,3,7.095026087817802,6.981356604519245,6.968703859247998,58.666666666666664,66.17653159038582,0.5771843523073319
Theft,SNaive,3,4,8.039844908740266,8.134757600654012,8.348952275836414,66.0,70.41306696913578,0.6829057986635051
Theft,ETS,3,0,8.435679115929617,9.295789529767458,9.273567965374854,72.38321447182027,108.2159500891129,0.6213151456808607
Theft,ETS,3,1,11.495525584236614,10.654343334314097,10.550705678261552,91.5918381973557,112.09405094106828,0.8015621779231829
Theft,ETS,3,2,9.541333653336004,9.47128279687181,9.092144702285598,72.80259376531956,73.6387994211778,0.6760106720535218
Theft,ETS,3,3,10.402370795288931,10.188325487386614,9.660829825925266,85.61589517903947,104.49776571775436,0.8423208239680623
Theft,ETS,3,4,7.041993248083902,7.132701054433871,7.265224697124288,57.86998122166392,60.99082619136324,0.5987840264367037
Theft,Theta,3,0,9.952409761992385,10.759351471195622,10.870264472088586,83.77948345574578,112.63144475386167,0.7191371970450281
Theft,Theta,3,1,10.431635240101324,10.518500278779412,10.72838441994371,90.42404072994206,91.89899726526328,0.7913422467614533
Theft,Theta,3,2,4.257284879221256,4.251108330784455,4.2816115105136445,32.67685270264402,32.77957837513472,0.3034218976773755
Theft,Theta,3,3,16.067644418652595,15.791307141136166,14.546768999435395,132.69961767606688,151.8007768240404,1.3055478899964417
Theft,Theta,3,4,8.652354325862731,8.823777891591433,9.081126592804,71.59025129380791,78.62564740161903,0.7407484505502867
Theft,ARIMA,3,0,10.279523722349175,11.099787820942952,11.24856913051957,86.43034783244612,115.51956050093513,0.7418913977034002
Theft,ARIMA,3,1,12.345726563020687,12.640350612380194,12.99749656857255,108.66488076447054,114.2925803707333,0.9509762027229044
Theft,ARIMA,3,2,4.679088738457921,4.673367633236444,4.719166896275706,35.92261920749305,36.28090019858303,0.33356056009021146
Theft,ARIMA,3,3,4.929168677566857,5.093737281408822,5.130593340314563,42.804372288122444,54.897893692921585,0.42112523684730446
Theft,ARIMA,3,4,6.30860771982039,6.570025991373636,6.62207963512216,53.3048108767,65.75234762408859,0.5515479461266652
Theft,SARIMA,3,0,10.346423152812513,11.192561543975433,11.403361157657253,87.15274588912602,119.96959001893921,0.7480922393916397
Theft,SARIMA,3,1,9.535521086455304,8.896241630403583,9.142921594800212,76.47802388273244,92.61173674146414,0.6692942580169117
Theft,SARIMA,3,2,9.303236433808104,9.295474916960575,8.816318548036584,71.45121719506794,78.3641614206648,0.6634624243029265
Theft,SARIMA,3,3,7.748287261184078,7.658510287330235,7.545081445314526,64.35701478122394,71.93556005307455,0.6331681004477409
Theft,SARIMA,3,4,8.662149140454016,8.853026030874386,9.1405410180573,71.82755119719036,81.12863645861847,0.7432038063085012
Theft,LGBM,3,0,14.773368239094046,15.587311669760801,15.71863337746737,121.37320020192271,147.73802815940763,1.041830044651697
Theft,LGBM,3,1,9.807839454843588,10.442494857497989,10.573063250111858,89.77064745832585,109.15852511521388,0.7856241026107864
Theft,LGBM,3,2,8.195425913091748,7.89932693974176,7.643153088128164,60.71949307684133,79.86952003402222,0.5638126775254805
Theft,LGBM,3,3,3.0443859985637576,3.1206673349578473,3.1101134526346357,26.22400783810618,31.4270895595574,0.25800148259556327
Theft,LGBM,3,4,5.476844413872318,5.504263070063575,5.657147064682325,44.65792104180082,48.272433093229985,0.4620780793288294
Theft,Ensemble,3,0,8.730879175289626,9.695930881297416,9.700969195256489,75.49898179573488,116.32186180485495,0.6480599295771234
Theft,Ensemble,3,1,9.511121319554144,9.334676229453247,9.540817467143432,80.24709998589753,81.67015560370743,0.7022791714051709
Theft,Ensemble,3,2,4.8565142663032335,4.713908378325312,4.676045971130768,36.23424240140961,45.031826565315605,0.3364541466212912
Theft,Ensemble,3,3,5.279039813844352,5.1994325775815895,5.0768846104091905,43.692565093627955,54.55888907032692,0.4298636059808794
Theft,Ensemble,3,4,6.667488592769039,6.858950695760805,6.974462779314432,55.64895331162885,64.6436029190383,0.5758029228191819
Theft,Naive,6,0,12.348969837601508,13.294068153131406,13.664380146458003,105.33333333333333,133.67747254742164,0.9041487839771101
Theft,Naive,6,1,11.365926337799586,11.005181347147976,10.890289464370873,88.5,93.16562313070918,0.7745040840140024
Theft,Naive,6,2,11.495082589664207,11.652542372878887,12.280695971936279,91.66666666666667,97.31906288081488,0.8511735878256385
Theft,Naive,6,3,9.674995016861448,8.853838065192669,8.990454441726015,70.16666666666667,91.38289409584999,0.6903256031857579
Theft,Naive,6,4,10.35560052502913,10.705957176169024,11.104001250655505,84.16666666666667,97.66183150716218,0.8708773442552276
Theft,SNaive,6,0,12.413762307659448,13.294068153131406,13.803953076259754,105.33333333333333,136.77109831149755,0.9041487839771101
Theft,SNaive,6,1,9.081166221498862,9.305699481863355,9.66388170156418,74.83333333333333,85.85161617581815,0.6549008168028004
Theft,SNaive,6,2,8.251766038805306,8.305084745760952,8.223718067220656,65.33333333333333,79.27588956717337,0.606654629868455
Theft,SNaive,6,3,7.911949468035701,7.781282860145576,7.7455463608443225,61.666666666666664,71.70774016799024,0.6066994612321387
Theft,SNaive,6,4,8.542280202938144,8.501165995334215,8.510347021022667,66.83333333333333,70.86019098666519,0.6915283466264281
Theft,ETS,6,0,13.669197514142532,14.759838313136461,15.566333286353029,116.94711890110916,158.1010924792838,1.0038379304816236
Theft,ETS,6,1,15.707755423971662,14.90187353978393,14.285792745628765,119.83589971578728,133.49041194817332,1.0487389123318607
Theft,ETS,6,2,5.874125540923645,5.772043223372326,5.654634156041758,45.40674002387192,54.26854546025347,0.4216256489191099
Theft,ETS,6,3,14.125467698115642,13.30156869632661,12.864798056010448,105.41493191841056,121.61977322129447,1.0371110659576583
Theft,ETS,6,4,6.637297304098404,6.787585259288653,6.816718158482031,53.36173278011895,60.43220507076896,0.5521369203375102
Theft,Theta,6,0,11.501428521001312,12.347876788451586,12.596037605577473,97.83634375385198,123.10058779149863,0.83979694209315
Theft,Theta,6,1,10.486155935924863,10.379043997340556,10.288499735333193,83.46481214529761,89.440000747769,0.730438846079034
Theft,Theta,6,2,4.375920094159338,4.409191665901595,4.454458582648685,34.6856411050999,37.50350628108539,0.32207456275047625
Theft,Theta,6,3,18.431124219028323,17.733591281331034,16.573034125592393,140.53871090457804,153.26422626789181,1.3826717868335157
Theft,Theta,6,4,9.262750394340252,9.46330663477128,9.859081132993207,74.39736232704267,87.42973661442014,0.7697937899758673
Theft,ARIMA,6,0,11.818843421158949,12.734875517175379,13.028694359434143,100.90266368110748,128.63125249034258,0.8661172848163733
Theft,ARIMA,6,1,8.525355884040396,8.822522711097317,8.735758946376626,70.94778680175563,87.87849732985201,0.6208966172849092
Theft,ARIMA,6,2,4.463238495425177,4.492907699222451,4.5475368534111045,35.34420723389078,38.75721662547786,0.32818969832862216
Theft,ARIMA,6,3,9.361597899827911,8.942233505340766,9.08779731297705,70.86720052984049,81.85673583041915,0.6972177142781215
Theft,ARIMA,6,4,5.6222491439718505,5.778260373420251,5.762042180268356,45.426756969048505,53.865374202798044,0.47003326891880326
Theft,SARIMA,6,0,15.739562411270416,16.815321196746652,18.012802597852794,133.23339494891735,171.50934469814158,1.143634291407016
Theft,SARIMA,6,1,10.618586410391991,10.148150559047977,10.050861572093188,81.60804407902772,92.84941333252786,0.714189417261036
Theft,SARIMA,6,2,7.98629889184075,7.933169451237501,7.670419877570385,62.40759968308157,67.61426658590909,0.5794876421436514
Theft,SARIMA,6,3,8.285154869455111,8.116780075671052,8.010007894168368,64.32548209970662,75.33018981978853,0.6328578702711825
Theft,SARIMA,6,4,8.458741635413288,8.534436223222924,8.598575898002773,67.09489277491845,72.55919930201243,0.6942347172226958
Theft,LGBM,6,0,16.519672291838454,17.233030098566342,17.794753584374227,136.54304181433608,155.04894301282872,1.1720432773762754
Theft,LGBM,6,1,7.219331376023243,7.602867017120056,7.476666271151304,61.13972226268646,85.1281140649441,0.5350617467562993
Theft,LGBM,6,2,7.084198643886104,6.840208049828355,6.684343300088487,53.809636658661134,71.51726572768163,0.4996509981201447
Theft,LGBM,6,3,7.730537723042032,7.209907601216002,7.3610750658805495,57.13851773964884,74.01568118390908,0.5621498582959127
Theft,LGBM,6,4,5.658546663265559,5.585121167679712,5.63377231091937,43.90836091325131,49.67505370684822,0.45432233753741386
Theft,Ensemble,6,0,11.929506674673966,13.060328176000342,13.436995489029863,103.48133358119782,143.0094034556047,0.8882517903965478
Theft,Ensemble,6,1,9.853854793719803,9.628098422691895,9.571578589682577,77.42595814916338,81.29647018800499,0.67759006548276
Theft,Ensemble,6,2,3.983273486030566,3.8774063068681226,3.8976914175218655,30.50226294736903,37.297843360014184,0.28322967916050684
Theft,Ensemble,6,3,8.822651735784536,8.082278464095769,8.182509404861486,64.05205682797244,83.08635630483045,0.6301678113785061
Theft,Ensemble,6,4,6.2375621003606625,6.394675763718574,6.409674846799916,50.27280929577819,57.11141258117558,0.520175651260477
Theft,Naive,12,0,12.991669723667346,13.936736611335846,14.394184224034401,111.25,139.3667224746759,0.9549356223175965
Theft,Naive,12,1,9.295294434729099,9.041382922995385,8.884847852542848,71.91666666666667,80.03072326717201,0.6293757292882147
Theft,Naive,12,2,12.166347929349325,12.633245382584418,13.156711854841696,99.75,113.67900715025033,0.9262316223884447
Theft,Naive,12,3,8.55136129035947,8.002533783782939,8.031538087543568,63.166666666666664,80.04582021150969,0.621457015694542
Theft,Naive,12,4,15.11841433181345,12.32813402657281,13.372295019010497,88.91666666666667,121.75487669904643,0.9200258676438888
Theft,SNaive,12,0,10.747464264579156,11.285102829104156,11.733917388911967,90.08333333333333,114.18588646004666,0.773247496423462
Theft,SNaive,12,1,8.666466130152083,8.810895756939884,8.94379988439242,70.08333333333333,82.62919177465875,0.6133313885647608
Theft,SNaive,12,2,8.081857753420502,8.042216358838202,7.984632214032489,63.5,75.58659493146476,0.5896311581119422
Theft,SNaive,12,3,8.227114835486923,8.139780405404546,8.127946690933495,64.25,71.2852252106517,0.6321152494729445
Theft,SNaive,12,4,21.260881872953092,15.89832466782023,16.1864975720604,114.66666666666667,174.12974090219817,1.186462599698211
Theft,ETS,12,0,10.631685109970558,11.268563039289766,11.678682043068632,89.95130446113996,123.77111597655028,0.7721142013831755
Theft,ETS,12,1,15.20115629006534,14.72481545586771,13.921096788477122,117.12363627189336,127.7220765156499,1.0250026511542594
Theft,ETS,12,2,10.745444801835237,10.290550134408491,9.90402051865931,81.25246876960895,100.83496740138413,0.7544722403162039
Theft,ETS,12,3,13.173008509257231,12.556893511767402,12.065869157064709,99.11574611956117,115.08902621996559,0.9751373476274465
Theft,ETS,12,4,21.16222194018573,15.998917383902459,16.196685367822706,115.39219163140983,175.74717493912812,1.193969648266366
Theft,Theta,12,0,11.32441743871605,12.150112653400859,12.371145055081966,96.98827425578249,122.88199288032783,0.8325173755861157
Theft,Theta,12,1,8.760123716701385,8.64138742271936,8.504240273561912,68.73503579155411,76.66432649287464,0.6015318184791784
Theft,Theta,12,2,7.418262482802485,7.301689785997785,7.390652642199982,57.652925601946926,67.19398582796065,0.535337973090041
Theft,Theta,12,3,15.551976027921244,15.109914974963868,14.127380784047293,119.26759553572738,135.96097900524782,1.1733986911455963
Theft,Theta,12,4,20.071436769982252,15.581176576628742,16.11828406697792,112.3792360589478,166.28499439327155,1.1627944235459138
Theft,ARIMA,12,0,12.278439474703868,13.212619930698116,13.564245011187174,105.46973859680872,133.98262810947918,0.9053196446078002
Theft,ARIMA,12,1,5.979044037959131,6.148651411087947,6.087515120539141,48.907398099033834,66.55851999372081,0.42801106854463683
Theft,ARIMA,12,2,7.349916967835597,7.320397078925548,7.416855725457124,57.8006352690224,66.49896033867817,0.5367095356421993
Theft,ARIMA,12,3,7.647460966038584,7.413634568713501,7.474940395560836,58.51828886238474,67.95184568618056,0.5757245566221971
Theft,ARIMA,12,4,15.461906481567098,11.421940723306323,12.31424745431617,82.38074746685638,130.51887228295513,0.8523983355053042
Theft,SARIMA,12,0,11.578107247321924,12.285098606457591,12.89702302544275,98.06579962605797,134.00138773549347,0.8417665203953474
Theft,SARIMA,12,1,9.100816968777375,8.815795105744998,8.62343445239717,70.12230357028734,82.04923234417312,0.6136724349791775
Theft,SARIMA,12,2,10.314505394105426,9.967860552348165,9.636555143016517,78.70456561125737,91.91524603949544,0.7308136089773705
Theft,SARIMA,12,3,8.460988050498434,8.308121592889442,8.238555404250034,65.57877310654759,73.7211093665141,0.6451882104649798
Theft,SARIMA,12,4,20.666399855233877,15.548747088619418,16.018829587257922,112.14533837668053,168.53140940898982,1.1603742707653946
Theft,LGBM,12,0,15.326882462332472,15.756629967489122,16.203045626140014,125.77729871549506,140.00941076796857,1.0796334653690562
Theft,LGBM,12,1,5.40387255582011,5.5583120874938325,5.480780708126865,44.21174072927849,65.85580024805485,0.38691721758411746
Theft,LGBM,12,2,8.024114482944467,7.5722157126652245,7.5579028406421305,59.78895323125881,77.25805394593142,0.5551721218275257
Theft,LGBM,12,3,7.27542042033274,6.908241947681734,6.96182052238963,54.52905644037358,67.71568442416105,0.536477013468187
Theft,LGBM,12,4,18.160712371544207,12.926888338508732,13.450743247434325,93.235182141505,162.01279894398832,0.9647097958163916
Theft,Ensemble,12,0,10.593133134994249,11.438618930319109,11.644801193471704,91.30877561128182,123.236820191448,0.7837663142599297
Theft,Ensemble,12,1,7.900655662560179,7.72571408257172,7.63033965364635,61.45161743179566,69.54352528179534,0.5377912844089469
Theft,Ensemble,12,2,6.417797398853349,6.023483729706187,6.0932133170139995,47.56042361581012,62.63369022036433,0.44162374262810533
Theft,Ensemble,12,3,7.995597703004983,7.4505012169504,7.469474361766395,58.809289605801375,76.94215040510524,0.578587529501911
Theft,Ensemble,12,4,18.01918781639292,13.194686982995085,13.768061001972388,95.16667986486306,156.92279095412994,0.9846951139283093
Woman_Child_Repression,Naive,1,0,0.48848569434752265,0.4884856943471818,0.48968170689034984,7.0,7.0,0.01563663440059568
Woman_Child_Repression,Naive,1,1,3.9245667686034658,3.924566768601465,3.8490377405638965,77.0,77.0,0.19841951554715684
Woman_Child_Repression,Naive,1,2,4.980237154150197,4.980237154146261,5.1074179164957005,63.0,63.0,0.18425542286132096
Woman_Child_Repression,Naive,1,3,2.0066889632107023,2.0066889632095837,1.9867549668868691,36.0,36.0,0.11143867924528303
Woman_Child_Repression,Naive,1,4,14.381591562799617,14.381591562785829,13.416815742391137,150.0,150.0,0.4809297976087102
Woman_Child_Repression,SNaive,1,0,14.515003489183531,14.515003489173402,13.53285621339833,208.0,208.0,0.4646314221891288
Woman_Child_Repression,SNaive,1,1,7.390417940876656,7.39041794087289,7.673987827465553,145.0,145.0,0.3736471396667239
Woman_Child_Repression,SNaive,1,2,13.280632411067195,13.280632411056695,12.453669384724813,168.0,168.0,0.49134779429685593
Woman_Child_Repression,SNaive,1,3,9.364548494983277,9.364548494978058,8.945686900956085,168.0,168.0,0.5200471698113208
Woman_Child_Repression,SNaive,1,4,21.28475551294343,21.284755512923027,19.237435008657176,222.0,222.0,0.7117761004608911
Woman_Child_Repression,ETS,1,0,8.986239563242584,8.986239563236314,9.408997071930374,128.77281294126624,128.77281294126624,0.28765334238555373
Woman_Child_Repression,ETS,1,1,1.756596198894815,1.75659619889392,1.7413023732445319,34.464417422316274,34.464417422316274,0.08881055855261022
Woman_Child_Repression,ETS,1,2,6.409343139969987,6.409343139964921,6.621541807775833,81.07819072062034,81.07819072062034,0.2371285129533132
Woman_Child_Repression,ETS,1,3,0.10433755789722733,0.10433755789716918,0.10439201793827646,1.8718157886762583,1.8718157886762583,0.00579424109112639
Woman_Child_Repression,ETS,1,4,10.93173716869421,10.93173716868373,10.365189530437048,114.01801866948063,114.01801866948063,0.3655644176163964
Woman_Child_Repression,Theta,1,0,0.07560078561943695,0.07560078561938419,0.07557221902376457,1.0833592579265314,1.0833592579265314,0.0024200132343854017
Woman_Child_Repression,Theta,1,1,3.74211730226054,3.7421173022586323,3.6733860939591643,73.42034147035179,73.42034147035179,0.18919517643966274
Woman_Child_Repression,Theta,1,2,3.442935608956738,3.442935608954016,3.50324280597288,43.55313545330273,43.55313545330273,0.12737938714102676
Woman_Child_Repression,Theta,1,3,1.984604049548027,1.9846040495469206,1.9651042799882352,35.6037966488916,35.6037966488916,0.11021222429639205
Woman_Child_Repression,Theta,1,4,13.813951864860528,13.813951864847281,12.92146910374243,144.0795179504953,144.0795179504953,0.46194755604994825
Woman_Child_Repression,ARIMA,1,0,6.59743813728179,6.597438137277186,6.38675696733048,94.54128850724805,94.54128850724805,0.21118679487843942
Woman_Child_Repression,ARIMA,1,1,0.03507253137164719,0.035072531371629315,0.03506638203771771,0.6881230655117179,0.6881230655117179,0.0017732083804631107
Woman_Child_Repression,ARIMA,1,2,8.731888767129327,8.731888767122424,8.366607343708472,110.45839290418598,110.45839290418598,0.32305647449432895
Woman_Child_Repression,ARIMA,1,3,2.5537976183560507,2.5537976183546274,2.5215993463298214,45.81512927330755,45.81512927330755,0.1418215971019249
Woman_Child_Repression,ARIMA,1,4,15.509416412211916,15.509416412197044,14.393261018850003,161.76321317937027,161.76321317937027,0.5186449958325946
Woman_Child_Repression,SARIMA,1,0,1.993037668500384,1.9930376684989932,2.013098574951091,28.560229789610503,28.560229789610503,0.0637979816595916
Woman_Child_Repression,SARIMA,1,1,3.5018262202234327,3.501826220221648,3.441567366017627,68.70583044078376,68.70583044078376,0.1770464622250054
Woman_Child_Repression,SARIMA,1,2,5.584283357894859,5.584283357890444,5.744683047587713,70.64118447736996,70.64118447736996,0.20660351297305374
Woman_Child_Repression,SARIMA,1,3,2.1176240130113646,2.1176240130101838,2.1402856140660123,37.990174793423876,37.990174793423876,0.11759930286879443
Woman_Child_Repression,SARIMA,1,4,16.950183808468594,16.950183808452344,15.62587642094402,176.79041712232743,176.79041712232743,0.5668251968386693
Woman_Child_Repression,LGBM,1,0,25.9638526043104,25.96385260429228,22.98053631592853,372.06200781976804,372.06200781976804,0.8311139415184692
Woman_Child_Repression,LGBM,1,1,7.188270781540629,7.188270781536965,6.93887810774595,141.03387273382714,141.03387273382714,0.36342691822838125
Woman_Child_Repression,LGBM,1,2,34.08773456810542,34.08773456807847,29.123896329712593,431.20984228653356,431.20984228653356,1.2611547909915677
Woman_Child_Repression,LGBM,1,3,24.296921314841136,24.296921314827593,21.664961937422216,435.88676838824995,435.88676838824995,1.3492957158244765
Woman_Child_Repression,LGBM,1,4,68.25590616255559,68.25590616249015,50.88865116816479,711.9091012754548,711.9091012754548,2.2825219999480217
Woman_Child_Repression,Ensemble,1,0,4.331522859093744,4.331522859090722,4.239701049043976,62.07072257081336,62.07072257081336,0.13865388511723015
Woman_Child_Repression,Ensemble,1,1,3.244776606858225,3.2447766068565707,3.1929741674334573,63.66251702655836,63.66251702655836,0.1640504647652251
Woman_Child_Repression,Ensemble,1,2,5.476612245682643,5.476612245678314,5.3306429241030155,69.27914490788544,69.27914490788544,0.202619970483701
Woman_Child_Repression,Ensemble,1,3,5.322672282367331,5.322672282364365,5.184690247013687,95.48874074566993,95.48874074566993,0.295587198652575
Woman_Child_Repression,Ensemble,1,4,25.092239083358166,25.09223908333411,22.295072620478127,261.7120536394257,261.7120536394257,0.839100833257126
Woman_Child_Repression,Naive,3,0,10.08273864577273,12.029611351015415,11.589349124711577,195.0,317.9795590914611,0.43559195830230824
Woman_Child_Repression,Naive,3,1,4.61384818084085,4.6987374140954605,4.704792438522507,98.0,113.41075786714416,0.25253392887819964
Woman_Child_Repression,Naive,3,2,13.133804592905552,14.387464387460971,14.697014933308703,202.0,267.77976025084496,0.5907872288569339
Woman_Child_Repression,Naive,3,3,3.6172095787178984,3.517964071855629,3.5173162506178244,62.666666666666664,79.36833961557551,0.19398584905660377
Woman_Child_Repression,Naive,3,4,16.101945343449604,16.416008157018503,16.897150848587287,214.66666666666666,226.59802882343584,0.6882639770222431
Woman_Child_Repression,SNaive,3,0,8.521505496585709,7.711289327573984,8.038025139938902,125.0,146.3887518447598,0.27922561429635145
Woman_Child_Repression,SNaive,3,1,5.391534521126854,5.369985616109099,5.539378371149991,112.0,119.08820260630354,0.2886102044322281
Woman_Child_Repression,SNaive,3,2,15.05707182936365,15.455840455836784,13.960864240592539,217.0,229.841249561518,0.634657567633439
Woman_Child_Repression,SNaive,3,3,17.1515167574977,17.084580838320154,15.671441996235128,304.3333333333333,319.3122818391634,0.9420695754716981
Woman_Child_Repression,SNaive,3,4,12.101542992735277,11.241396890132235,11.328876686042115,147.0,158.6495088762227,0.471311201656536
Woman_Child_Repression,ETS,3,0,12.25701721497565,13.211624079642526,13.299683161204515,214.1604263310494,257.39638830931307,0.47839261280204626
Woman_Child_Repression,ETS,3,1,4.948512070777947,4.948030086375709,4.76154521335587,103.19941416819256,135.8028535746256,0.26593217875328784
Woman_Child_Repression,ETS,3,2,6.682469720361277,6.831884025874348,6.923180458992004,95.91965172329863,100.82159642799701,0.28053517442836545
Woman_Child_Repression,ETS,3,3,9.410653961678562,9.18187392840239,8.665865505204458,163.55978091130518,219.32086754845716,0.5063023878445473
Woman_Child_Repression,ETS,3,4,8.096455994409963,7.60158617229815,8.190527833928032,99.40340851311082,119.62286378435853,0.31870707425217554
Woman_Child_Repression,Theta,3,0,9.442257387641066,11.378247371982084,10.860477207231774,184.44138989986754,309.3348520275897,0.41200608317170706
Woman_Child_Repression,Theta,3,1,4.592190289273054,4.6825753887208545,4.688188803817147,97.66291402410359,113.7481867563821,0.25166529983878266
Woman_Child_Repression,Theta,3,2,11.67244984093704,12.942048398065479,13.037348558602382,181.70635950888246,252.39098817504853,0.5314346366333389
Woman_Child_Repression,Theta,3,3,3.591630841466722,3.495056132077437,3.49505392467955,62.25859989941773,78.29236073484545,0.19272267067921173
Woman_Child_Repression,Theta,3,4,8.976465388706476,8.315588770901371,8.914623764599556,108.7401824941813,123.7689262075773,0.3486426263924055
Woman_Child_Repression,ARIMA,3,0,11.034058459390652,11.643156978990794,11.302314000019758,188.7355746294796,213.43339785543495,0.4215984541239306
Woman_Child_Repression,ARIMA,3,1,7.846002514753716,8.1199599991506,8.35049010228933,169.35529904897808,211.14064966711814,0.43640774535898835
Woman_Child_Repression,ARIMA,3,2,9.544168409018171,9.11287632282423,9.082981317914317,127.94478357248256,138.82084783306388,0.37419873333409476
Woman_Child_Repression,ARIMA,3,3,3.826121069742928,3.7160960416459616,3.7094168104497975,66.19605748853246,84.79015167701577,0.204911144937969
Woman_Child_Repression,ARIMA,3,4,16.062246211043384,16.258127093027333,16.727342884417506,212.60210861987494,222.76747504312218,0.6816445937982765
Woman_Child_Repression,SARIMA,3,0,7.953887231837535,9.204635908311374,8.663241016977528,149.20714807375808,222.54602100866805,0.33329966062641414
Woman_Child_Repression,SARIMA,3,1,5.736225636188054,5.700853776289509,5.513220242803226,118.90080692749719,146.99352710077608,0.3063927338794808
Woman_Child_Repression,SARIMA,3,2,6.657937974705121,6.84102406342302,6.899137173725311,96.04797785048201,101.9064771528341,0.2809104884732596
Woman_Child_Repression,SARIMA,3,3,7.025703650022491,6.982856504480815,6.744948645914434,124.38795053317487,138.76046965787077,0.3850452478179057
Woman_Child_Repression,SARIMA,3,4,10.699269817113272,9.99200074359769,10.37433903829294,130.66206305714573,136.25287949225955,0.4189285302747308
Woman_Child_Repression,LGBM,3,0,20.32132747957909,19.350988572600052,18.738032080029157,313.67952476191135,319.7985637213277,0.7006988639506583
Woman_Child_Repression,LGBM,3,1,5.733964389186316,5.782575407403894,5.513350160144521,120.6052477471065,143.9797568875629,0.3107848679276065
Woman_Child_Repression,LGBM,3,2,24.216722236576572,23.05500527284736,21.70217814117522,323.69227403085387,339.27128583080827,0.9466993147380566
Woman_Child_Repression,LGBM,3,3,34.19351773669767,34.19054609207888,29.042641706880985,609.0475943870125,622.5657251793364,1.8853183198890424
Woman_Child_Repression,LGBM,3,4,33.175628899884785,29.917540246333445,26.447251437172596,391.2217012879867,464.53698759526645,1.2543344908037781
Woman_Child_Repression,Ensemble,3,0,9.348673024727116,10.417586758549204,9.956028673473009,168.86908135611733,224.24783839302842,0.3772205838185793
Woman_Child_Repression,Ensemble,3,1,2.965896786696989,2.9690380427334127,2.9590134520398585,61.924236777953105,62.876112296031835,0.1595711306767388
Woman_Child_Repression,Ensemble,3,2,7.4976335353189025,7.87393292831104,7.6494531322610015,110.55001831351326,125.44690491287743,0.3233244503441772
Woman_Child_Repression,Ensemble,3,3,11.052766043784219,10.94423179707804,10.376919020058402,194.95324907865333,210.4042932366574,0.6034814608861616
Woman_Child_Repression,Ensemble,3,4,11.387762507435701,9.887886418562266,10.55656364309543,129.30059473343218,163.47865474067115,0.414563392372236
Woman_Child_Repression,Naive,6,0,17.63363953427505,19.404672192914525,20.33226135087956,343.3333333333333,426.63333203114826,0.7669396872673119
Woman_Child_Repression,Naive,6,1,19.50545997082136,15.299899881676954,15.938558883176505,280.1666666666667,398.7005977756575,0.7219549905514517
Woman_Child_Repression,Naive,6,2,21.05432391238762,22.924014107083153,24.569746061707807,357.5,430.55061645912593,1.0455764075067024
Woman_Child_Repression,Naive,6,3,17.57845055031485,15.00417362270294,14.93727845682786,239.66666666666666,324.43900299850924,0.7418926886792453
Woman_Child_Repression,Naive,6,4,22.775151436306892,23.81692957120375,25.739258391258797,357.3333333333333,390.39125673269547,1.1456816511923051
Woman_Child_Repression,SNaive,6,0,8.780210745180783,8.458929917105458,8.433945406761602,149.66666666666666,163.29829556162957,0.3343261355174981
Woman_Child_Repression,SNaive,6,1,6.879890254043795,6.070810958404835,6.711246073571718,111.16666666666667,129.22009647625765,0.2864628070778217
Woman_Child_Repression,SNaive,6,2,13.678395876245505,13.455167254460463,12.730318204862334,209.83333333333334,219.97840803133383,0.6136972946624422
Woman_Child_Repression,SNaive,6,3,13.871956381620286,14.638981636058574,12.73476424223169,233.83333333333334,269.13534389472767,0.7238354952830189
Woman_Child_Repression,SNaive,6,4,10.182429178985895,9.520106642967171,9.816797788311153,142.83333333333334,150.56283295244768,0.45795204061184963
Woman_Child_Repression,ETS,6,0,14.28962252105485,14.850303133616134,15.668816891861523,262.75136344413954,299.5846931336795,0.5869352869191501
Woman_Child_Repression,ETS,6,1,16.439893947458298,14.364691481426112,14.550887346523902,263.04144217740514,316.360166236604,0.6778253964372234
Woman_Child_Repression,ETS,6,2,8.533089805653706,8.951726793708534,9.086561845787166,139.60217934789952,176.81428737180858,0.4082929934620507
Woman_Child_Repression,ETS,6,3,14.408238004645419,14.056417363341556,13.085601845708874,224.52784001713258,272.175148186323,0.6950301651473738
Woman_Child_Repression,ETS,6,4,9.8783507183883,9.859224742935478,10.411278357215558,147.92123522652506,180.783970304972,0.47426486479682073
Woman_Child_Repression,Theta,6,0,16.770810761717346,18.51642999016347,19.257804471571372,327.6173679593232,410.9934360490876,0.7318332865807666
Woman_Child_Repression,Theta,6,1,19.586477812648813,15.360093131087304,15.989976280378462,281.2689053854526,400.695678643723,0.724795323961826
Woman_Child_Repression,Theta,6,2,19.651061176605555,21.541275767375193,22.828810574571726,335.93619559225203,412.08096813597103,0.982508980528156
Woman_Child_Repression,Theta,6,3,17.429335307150087,14.875325816330523,14.827162061752144,237.60853770621102,321.74484227339735,0.735521711649533
Woman_Child_Repression,Theta,6,4,13.34950657415411,13.584724800242912,14.437012295831314,203.81615441966713,251.29537620862757,0.6534750792962409
Woman_Child_Repression,ARIMA,6,0,10.764770968453425,11.278438543235687,11.302390962060032,199.55317262500225,230.73086623242955,0.44576285768801693
Woman_Child_Repression,ARIMA,6,1,15.98498983022714,13.404079256314613,14.276089038627356,245.45103131523675,314.82898013258125,0.6324970743392117
Woman_Child_Repression,ARIMA,6,2,9.772643023158633,9.475568304465403,9.537701863374272,147.77148770815378,155.41243338903746,0.43218568181765665
Woman_Child_Repression,ARIMA,6,3,17.957971726543764,15.354162049910416,15.237476672273399,245.25714847726132,330.0395029663027,0.75919813060473
Woman_Child_Repression,ARIMA,6,4,22.482804048214746,23.440974664330298,25.28093384973434,351.69275654720803,383.3761461670439,1.127596841511321
Woman_Child_Repression,SARIMA,6,0,12.141863749934927,13.042831045419351,13.344573496307548,230.7711572969748,285.00234515325167,0.5154977452650219
Woman_Child_Repression,SARIMA,6,1,17.210531519162693,15.091152702415037,15.210845376006255,276.34415790241513,325.9967198896073,0.7121048563023925
Woman_Child_Repression,SARIMA,6,2,8.663980073213313,9.109857013476399,9.234541461783149,142.06822012517964,179.6830699640876,0.415505396417781
Woman_Child_Repression,SARIMA,6,3,7.963908079545558,7.61455505826531,8.034536530607008,121.62982613070392,136.35970265269262,0.3765074216899738
Woman_Child_Repression,SARIMA,6,4,8.912532862423717,8.276757732307987,8.920408658009686,124.17895517707461,141.08567832035018,0.39814239853714395
Woman_Child_Repression,LGBM,6,0,16.64699788340663,15.954346255007051,16.323545691723833,282.28556640528467,290.4596849979302,0.630570885492073
Woman_Child_Repression,LGBM,6,1,12.782723915655843,10.785578259910764,11.423322807980162,197.5019139027506,241.15656266999437,0.5089381048859748
Woman_Child_Repression,LGBM,6,2,15.12549155096086,13.696773900864537,13.746661267756036,213.6011889840053,256.2836377628851,0.6247171015861719
Woman_Child_Repression,LGBM,6,3,40.901436298984684,40.01790592027803,33.67507337207733,639.2193505666411,651.8383565206866,1.978715560421501
Woman_Child_Repression,LGBM,6,4,26.598000475301635,24.176625717135423,22.16238838364195,362.7299745094621,417.8704688862327,1.1629843548496548
Woman_Child_Repression,Ensemble,6,0,12.696294911934599,13.564875274373081,13.74704246321497,240.007859854597,278.3493474807232,0.5361307368308198
Woman_Child_Repression,Ensemble,6,1,14.692583774659552,11.838164201849612,12.74947128805608,216.7765168095559,286.25345478199716,0.5586063824331452
Woman_Child_Repression,Ensemble,6,2,8.2336861395825,8.78034358361443,8.632799313564728,136.9294581864817,168.4914845197296,0.4004761146082818
Woman_Child_Repression,Ensemble,6,3,18.151766906301372,17.063473389209488,16.36202713028468,272.56054827033466,289.76347816852484,0.8437163198226751
Woman_Child_Repression,Ensemble,6,4,9.615070830568124,8.735347581715148,9.442286977224123,131.0593315510142,162.72160942550792,0.4202022519837474
Woman_Child_Repression,Naive,12,0,21.289866675607517,22.862565384436287,24.382879445665928,411.5833333333333,480.59520388784574,0.9193968726731198
Woman_Child_Repression,Naive,12,1,26.712061741917186,22.40464018875234,21.799398004163397,379.8333333333333,472.46693005966034,0.9787837141384641
Woman_Child_Repression,Naive,12,2,22.162531340762207,23.94276965313215,25.933410279140183,377.9166666666667,443.16428481245345,1.105288813063612
Woman_Child_Repression,Naive,12,3,21.695446450709042,18.379425373936385,17.985132827482786,284.6666666666667,368.70878300722194,0.8811910377358492
Woman_Child_Repression,Naive,12,4,20.383428694128135,21.609470149677218,22.943211147127528,316.4166666666667,358.0378238864343,1.0144946897334848
Woman_Child_Repression,SNaive,12,0,7.830050499612288,7.244364208674385,7.57259574016666,130.41666666666666,147.24837293951106,0.29132539091585996
Woman_Child_Repression,SNaive,12,1,10.279143065144652,9.467164766023915,9.720782139217025,160.5,180.40001847745657,0.4135887304586841
Woman_Child_Repression,SNaive,12,2,13.775176128932895,14.054168206535344,12.732541223547015,221.83333333333334,245.7888660347874,0.6487935656836461
Woman_Child_Repression,SNaive,12,3,12.027192780303091,12.159690089313884,11.27578101527142,188.33333333333334,218.0630642727007,0.5829893867924528
Woman_Child_Repression,SNaive,12,4,12.794380471862505,11.086449262989523,10.95775555892077,162.33333333333334,253.3939620432973,0.520472914300982
Woman_Child_Repression,ETS,12,0,12.285197019295772,12.214561272695,12.854061205986852,219.89263931170194,254.25603568510311,0.49119725832844807
Woman_Child_Repression,ETS,12,1,18.249870432847466,16.483150716221182,16.25195174588462,279.4443484756835,315.6724668662347,0.7200936655446234
Woman_Child_Repression,ETS,12,2,8.616659231734769,8.886419811918326,8.646150908508236,140.26473138129492,180.21348125161447,0.41023075227285866
Woman_Child_Repression,ETS,12,3,12.572113212113772,11.98960678816594,11.52993729085367,185.69902647072013,228.99998560629695,0.5748348401953306
Woman_Child_Repression,ETS,12,4,14.202065766086388,12.98619642001373,12.74920099441579,190.15038108006186,274.8981013048828,0.6096598952536885
Woman_Child_Repression,Theta,12,0,20.42438097093061,21.84716729457388,23.143620982834083,393.30362922058447,460.78550814809154,0.8785635797928171
Woman_Child_Repression,Theta,12,1,27.05041463445104,22.71520379920043,22.05112878798158,385.0984217424636,477.53314723049294,0.9923511984430431
Woman_Child_Repression,Theta,12,2,21.00274259897856,22.719355963139787,24.384553100817154,358.6061010815445,422.78022150057177,1.0488114094512635
Woman_Child_Repression,Theta,12,3,21.373517191202552,18.072991292628178,17.729417088560773,279.9205134706712,364.6453684785706,0.8664992309675849
Woman_Child_Repression,Theta,12,4,14.439743308553771,13.698901772753239,13.949662540896584,200.5861692075507,261.8836218890917,0.6431191050672924
Woman_Child_Repression,ARIMA,12,0,14.992583225449096,14.501505446503977,14.88744510125434,261.06335180069993,299.00405320843953,0.5831645982145196
Woman_Child_Repression,ARIMA,12,1,18.239184930734258,15.481598425231425,15.908267695346737,262.46469863576965,333.0854772654026,0.6763391993706485
Woman_Child_Repression,ARIMA,12,2,12.563227565521876,11.3665314590331,11.467214199664564,179.41122697129776,226.88194645986218,0.5247220871692841
Woman_Child_Repression,ARIMA,12,3,22.148671478425488,18.80732291563757,18.340315404995945,291.2940864250489,374.6131316494078,0.901706340643577
Woman_Child_Repression,ARIMA,12,4,20.048941442705026,21.206720459432795,22.461778226857657,310.5194043272624,351.2105239578857,0.9955868951779171
Woman_Child_Repression,SARIMA,12,0,10.867235383956151,11.126418575648026,11.441915578094957,200.30335040811283,242.733941820534,0.4474386085065811
Woman_Child_Repression,SARIMA,12,1,18.920178548560493,17.116586642702334,16.80984237730826,290.18319888262783,324.60452427632646,0.7477663602885102
Woman_Child_Repression,SARIMA,12,2,8.650563464039497,8.9303126148309,8.693908827097669,140.95754269793417,181.05395355813198,0.412257010084136
Woman_Child_Repression,SARIMA,12,3,8.923599465311014,8.809503027634836,9.438618358254807,136.4445193930249,171.64595960157462,0.4223665842060028
Woman_Child_Repression,SARIMA,12,4,11.510752754362018,9.755287301634146,10.14541518473851,142.84179431418613,232.80811032602807,0.45797916819724366
Woman_Child_Repression,LGBM,12,0,24.244745173289907,21.873902516514228,21.357816054280278,393.78493005356563,460.20253941315127,0.8796387119588212
Woman_Child_Repression,LGBM,12,1,14.8795669716514,13.287299082862194,13.888309422653448,225.26401045146815,257.07352029286494,0.580477608103766
Woman_Child_Repression,LGBM,12,2,20.218971348493344,19.813476940759898,18.041726003824373,312.73922227912755,354.9330377753267,0.914665042005735
Woman_Child_Repression,LGBM,12,3,30.397064813175206,29.053220968147254,25.581340990340724,449.9859707616783,509.239750335895,1.3929400627941104
Woman_Child_Repression,LGBM,12,4,23.250956594566862,20.857754595604796,19.906831154904513,305.4096716661606,372.78012340228696,0.9792040772143283
Woman_Child_Repression,Ensemble,12,0,14.181233478311015,13.969633269640308,14.458053983333716,251.48832293671128,287.87387477779356,0.5617758516828993
Woman_Child_Repression,Ensemble,12,1,17.18780890800823,14.457767839060025,14.95403385573507,245.10735743154302,305.6423511525432,0.6316114690728647
Woman_Child_Repression,Ensemble,12,2,8.358836815248765,8.383535730600586,8.385630297560224,132.32712522776174,153.20775263489006,0.38701572087086056
Woman_Child_Repression,Ensemble,12,3,15.729594677434418,14.058469301866728,13.93357889735555,217.74225870375756,262.7635237404076,0.6740252701619854
Woman_Child_Repression,Ensemble,12,4,10.798130455881612,9.370730552250878,9.834478228583396,137.2109221113413,205.65497147861393,0.43992547333807913
Robbery,Naive,1,0,16.483516483516482,16.483516483335343,17.964071856179856,15.0,15.0,0.7708779443254818
Robbery,Naive,1,1,12.371134020618557,12.371134020491018,13.186813186740732,12.0,12.0,0.6818181818181818
Robbery,Naive,1,2,31.775700934579437,31.77570093428247,37.777777777567906,34.0,34.0,1.9397781299524564
Robbery,Naive,1,3,10.638297872340425,10.638297872227252,10.101010100959087,10.0,10.0,0.5865921787709497
Robbery,Naive,1,4,7.894736842105263,7.894736842036012,8.21917808215425,9.0,9.0,0.5581395348837209
Robbery,SNaive,1,0,4.395604395604396,4.395604395556092,4.49438202244666,4.0,4.0,0.2055674518201285
Robbery,SNaive,1,1,37.11340206185567,37.11340206147305,45.56962025287615,36.0,36.0,2.0454545454545454
Robbery,SNaive,1,2,14.953271028037381,14.953271027897634,16.16161616153454,16.0,16.0,0.91283676703645
Robbery,SNaive,1,3,3.1914893617021276,3.191489361668175,3.141361256528056,3.0,3.0,0.17597765363128492
Robbery,SNaive,1,4,6.140350877192982,6.140350877139119,6.334841628930612,7.0,7.0,0.43410852713178294
Robbery,ETS,1,0,5.952627990708869,5.952627990643455,6.135231751956057,5.416891471545071,5.416891471545071,0.27838414414792656
Robbery,ETS,1,1,2.7491389145054783,2.7491389144771365,2.7874544114659656,2.666664747070314,2.666664747070314,0.15151504244717692
Robbery,ETS,1,2,9.774154982627827,9.77415498253648,10.276369103984996,10.458345831411776,10.458345831411776,0.5966726623309413
Robbery,ETS,1,3,11.92093187270145,11.92093187257463,11.250358109790099,11.205675960339363,11.205675960339363,0.6573161876176722
Robbery,ETS,1,4,5.767532773331347,5.767532773280754,5.938793710090298,6.574987361597735,6.574987361597735,0.4077511542076115
Robbery,Theta,1,0,8.507796297151872,8.50779629705838,8.885788698014247,7.742094630408204,7.742094630408204,0.39788066623082846
Robbery,Theta,1,1,7.838417397900095,7.838417397819287,8.158152417061103,7.603264875963092,7.603264875963092,0.43200368613426654
Robbery,Theta,1,2,19.188004287217602,19.188004287038275,21.224260272640684,20.531164587322834,20.531164587322834,1.1713501190865643
Robbery,Theta,1,3,10.42320447067692,10.423204470566034,9.90689643458664,9.797812202436305,9.797812202436305,0.5747320007015709
Robbery,Theta,1,4,11.731168904564559,11.73116890446165,12.46214664026171,13.373532551203596,13.373532551203596,0.8293663597645641
Robbery,ARIMA,1,0,14.872614754139699,14.872614753976263,16.06743889813999,13.534079426267127,13.534079426267127,0.6955415550972399
Robbery,ARIMA,1,1,13.623421136072361,13.623421135931915,14.619241558182457,13.214718501990191,13.214718501990191,0.7508362785221699
Robbery,ARIMA,1,2,25.08384130822929,25.08384130799486,28.680988075317693,26.83971019980534,26.83971019980534,1.531267142936596
Robbery,ARIMA,1,3,6.891592069172142,6.891592069098827,6.662032033503393,6.478096545021813,6.478096545021813,0.3800000766632907
Robbery,ARIMA,1,4,11.385506432560943,11.38550643246107,12.072780004509154,12.979477333119476,12.979477333119476,0.8049288268601226
Robbery,SARIMA,1,0,3.521740033913233,3.521740033874532,3.5848648440813835,3.204783430861042,3.204783430861042,0.16469979087936834
Robbery,SARIMA,1,1,14.928460703488128,14.928460703334226,16.13263796275815,14.480606882383483,14.480606882383483,0.8227617546808796
Robbery,SARIMA,1,2,14.054194000456254,14.054194000324907,15.116440970354667,15.037987580488192,15.037987580488192,0.8579517478566956
Robbery,SARIMA,1,3,20.702983379823596,20.70298337960335,18.76094564983252,19.46080437703418,19.46080437703418,1.1415555640159714
Robbery,SARIMA,1,4,9.704032552265323,9.7040325521802,9.254979443283867,11.06259710958247,11.06259710958247,0.686052533927595
Robbery,LGBM,1,0,12.962229123688926,12.962229123546484,13.860547057294381,11.795628502556923,11.795628502556923,0.6061993234718762
Robbery,LGBM,1,1,28.098407707673097,28.098407707383423,32.69127101478141,27.255455476442904,27.255455476442904,1.5486054247978922
Robbery,LGBM,1,2,38.87830923706021,38.87830923669686,48.25955965672779,41.59979088365442,41.59979088365442,2.373363663726718
Robbery,LGBM,1,3,7.780901786763242,7.780901786680467,8.095867537666312,7.314047679557447,7.314047679557447,0.4290363163986212
Robbery,LGBM,1,4,17.33328225352152,17.33328225336947,18.978040955983005,19.75994176901453,19.75994176901453,1.2254227453652422
Robbery,Ensemble,1,0,9.163401639920519,9.163401639819822,9.603400729851428,8.338695492327673,8.338695492327673,0.4285410959654479
Robbery,Ensemble,1,1,13.447569171927837,13.447569171789203,14.416932668378774,13.044142096770003,13.044142096770003,0.7411444373164774
Robbery,Ensemble,1,2,21.39570076311824,21.39570076291828,23.95877462572085,22.893399816536515,22.893399816536515,1.3061210671875032
Robbery,Ensemble,1,3,8.43156200112217,8.431562001032471,8.09048487679015,7.92566828105484,7.92566828105484,0.46491350251997665
Robbery,Ensemble,1,4,7.302691562342602,7.302691562278542,7.57944324341403,8.325068381070565,8.325068381070565,0.5162833104539886
Robbery,Naive,3,0,15.406895982615632,15.555555555497943,16.773555555941208,14.0,14.491376746189438,0.7194860813704497
Robbery,Naive,3,1,18.316743436007723,18.53035143764048,20.28191596479921,19.333333333333332,20.033305601755625,1.0984848484848484
Robbery,Naive,3,2,30.250734403350265,30.476190476093727,35.77247324030379,32.0,32.53715824509981,1.8256735340729
Robbery,Naive,3,3,4.175030108390205,3.9473684210396467,4.001924001903974,4.0,5.887840577551898,0.2346368715083799
Robbery,Naive,3,4,15.010306938744634,15.549597855186196,16.512987981512854,19.333333333333332,21.802140567690444,1.1989664082687337
Robbery,SNaive,3,0,11.715514356315355,11.481481481438959,12.744819490112722,10.333333333333334,11.846237095944574,0.5310492505353319
Robbery,SNaive,3,1,26.569882198617357,26.198083067008955,31.08104449196018,27.333333333333332,28.011902232205983,1.5530303030303028
Robbery,SNaive,3,2,14.213240121323754,14.285714285668934,15.311265067284301,15.0,15.154757228892407,0.8557844690966719
Robbery,SNaive,3,3,2.968764475187598,2.960526315779735,2.9252202755516006,3.0,3.0,0.17597765363128492
Robbery,SNaive,3,4,15.18009300409966,15.549597855186196,16.679979080182513,19.333333333333332,21.24460715883759,1.1989664082687337
Robbery,ETS,3,0,14.3548186469307,14.41359872845817,15.725500691014274,12.972238855660398,14.34514540884551,0.6666675214900419
Robbery,ETS,3,1,7.616400954592306,7.774042009599402,8.000809686043388,8.110917163374623,9.150748482906812,0.46084756610083083
Robbery,ETS,3,2,14.272679492693207,14.404769341358726,15.498851133577976,15.125007808474678,16.06329652102057,0.862916451830568
Robbery,ETS,3,3,7.1870459998012945,7.025649422775883,6.8808779014287795,7.119324748436313,7.797419554252579,0.41761402155632005
Robbery,ETS,3,4,17.58888552789651,18.210429729844737,19.77147575663957,22.64163429750099,25.756015603978092,1.404132359534945
Robbery,Theta,3,0,7.090578740047411,7.25133351609952,7.434142573718122,6.526200164513739,7.496037171006611,0.3353935844717982
Robbery,Theta,3,1,13.868657389769169,14.08478596633636,15.014932873888096,14.695126691591218,15.543789892592876,0.8349503802040464
Robbery,Theta,3,2,17.13064841175056,17.395538756682154,18.880048248214905,18.265315694574245,19.173591494491788,1.0420782329709553
Robbery,Theta,3,3,4.006380692737867,3.778758327188532,3.8379974729736746,3.8291417715636413,5.73031998252962,0.22461446146043706
Robbery,Theta,3,4,18.33201607457051,18.835685735959377,20.44384697966267,23.419035931772274,25.405840883664943,1.4523433135982806
Robbery,ARIMA,3,0,13.162850041767848,13.31356113131931,14.171607842521459,11.982205018231758,12.544552376925008,0.6157878381960646
Robbery,ARIMA,3,1,19.89388131737721,20.11952204463101,22.226940761735502,20.99136799996542,21.718983797344443,1.1926913636343988
Robbery,ARIMA,3,2,20.722048917699833,20.972488362070177,23.282764571753503,22.021112780243595,22.848430930782172,1.2563550873039133
Robbery,ARIMA,3,3,6.235231097414853,6.219145035106282,6.283510930773652,6.302066968928429,6.389647824058371,0.3696743194064162
Robbery,ARIMA,3,4,19.102508876241384,19.662833627826476,21.449864964453116,24.447456477329794,26.732087757997082,1.5161213319274291
Robbery,SARIMA,3,0,14.056877698783317,14.122897176429664,15.518987501195639,12.710607458833772,14.78434352427793,0.6532217965995943
Robbery,SARIMA,3,1,14.356564992872482,14.31985294446152,15.495892497141073,14.940379905435918,15.101776499238648,0.848885221899768
Robbery,SARIMA,3,2,16.53265035561317,16.636442140022456,18.078422833862113,17.468264247079034,17.888386275309493,0.9966046163151271
Robbery,SARIMA,3,3,18.96799062141493,18.903857196773156,17.319077321073458,19.155908626126475,19.157143253716576,1.123670617733676
Robbery,SARIMA,3,4,8.211545617106408,8.185735363113542,8.257191786716458,10.17759763483179,10.286872115471677,0.6311688455709636
Robbery,LGBM,3,0,10.681975420160335,10.910951681441093,11.462837207438616,9.819856513333354,11.14975383772031,0.5046607201713074
Robbery,LGBM,3,1,36.26796020642806,36.541672487146684,44.627481527282335,38.125144961711506,38.92184541009351,2.1662014182790625
Robbery,LGBM,3,2,32.492909301370496,32.724690925568076,39.052242024359025,34.36092547195556,35.089727085971305,1.96036975751252
Robbery,LGBM,3,3,15.03994115808405,15.247784339025433,16.737571967568744,15.451088130263264,17.908637112956143,0.9063487450713088
Robbery,LGBM,3,4,17.268809845270813,17.448144430403286,18.970493908061513,21.693859575192914,22.40219713918521,1.3453556325701033
Robbery,Ensemble,3,0,11.869420109537922,12.002468446749551,12.720931891265016,10.802221602114605,11.560789882473452,0.5551462921857613
Robbery,Ensemble,3,1,18.400692972207853,18.567975090435002,20.35125419034005,19.372587344415745,19.89746874832288,1.1007151900236218
Robbery,Ensemble,3,2,20.230187295825456,20.42678590514032,22.590687949695365,21.448125200465427,21.97380570707837,1.223664829186617
Robbery,Ensemble,3,3,3.8329143447287652,3.6634240079830405,3.7241045796828067,3.7122696614350255,4.775951901802531,0.21775883488864675
Robbery,Ensemble,3,4,14.806882181248412,15.282228285788428,16.222171666237326,19.00090383538122,21.067557293063945,1.178350625449998
Robbery,Naive,6,0,16.06152019215077,16.636197440554596,17.760116089244935,15.166666666666666,17.09288350942189,0.7794432548179872
Robbery,Naive,6,1,15.943991465207885,16.206896551696197,17.02117400224555,15.666666666666666,16.76305461424021,0.890151515151515
Robbery,Naive,6,2,30.308897245820702,30.696202531597,35.942760557754205,32.333333333333336,33.28162656281491,1.8446909667194928
Robbery,Naive,6,3,7.834972225105822,6.734006733995397,7.031646013489773,6.666666666666667,11.060440015358038,0.3910614525139665
Robbery,Naive,6,4,10.65262387389581,11.337209302309104,11.412290339607118,13.0,16.299284237863535,0.8062015503875969
Robbery,SNaive,6,0,10.651599948910837,11.151736745866266,11.777001140330592,10.166666666666666,13.874436925511608,0.5224839400428265
Robbery,SNaive,6,1,17.0886563515402,17.758620689624554,19.487916215502562,17.166666666666668,20.522345544958224,0.9753787878787878
Robbery,SNaive,6,2,13.459550136830131,13.449367088586314,14.488084032725057,14.166666666666666,14.554495296413865,0.8082408874801901
Robbery,SNaive,6,3,9.935294168324216,9.764309764293326,10.630258202474604,9.666666666666666,14.352700094407323,0.5670391061452513
Robbery,SNaive,6,4,14.258656947102551,14.534883720909106,14.93143726396497,16.666666666666668,19.131126469708992,1.03359173126615
Robbery,ETS,6,0,15.525845897760258,16.39243515726998,17.590286723525537,14.94443671840512,19.416140737180857,0.7680224437724259
Robbery,ETS,6,1,9.479319595560924,9.195216695430663,9.312943918682288,8.888709472264965,9.71424025636163,0.5050403109241457
Robbery,ETS,6,2,12.825447977510759,13.330715181185631,14.135444579486641,14.04168665753775,17.213002494943115,0.801110490762851
Robbery,ETS,6,3,13.466578439339969,12.59565548904158,12.454117812991989,12.469698934172156,14.512623816126414,0.7314627866413834
Robbery,ETS,6,4,12.688494339642892,13.539236905988576,13.859250331770603,15.524991652222797,19.36483036847222,0.9627901799828091
Robbery,Theta,6,0,7.444733817582061,8.08302573929642,8.053090122570348,7.369025132338709,10.82538998540656,0.3787079297133384
Robbery,Theta,6,1,13.191143154307007,12.96650033020632,13.454482518228525,12.534283652554388,14.014994275488617,0.7121752075314992
Robbery,Theta,6,2,16.812827163619556,17.278362995654337,18.610404996966533,18.199875688784697,19.856589552531357,1.0383447302634692
Robbery,Theta,6,3,7.752088532892755,6.590498121807002,6.891740650151794,6.524593140599916,11.389291683884858,0.38272753059384984
Robbery,Theta,6,4,12.004935706716747,12.922043696192336,13.160970107383957,14.817276771655415,18.851303892024738,0.9189008850639017
Robbery,ARIMA,6,0,13.488770255583779,14.079583250918173,14.766536514415654,12.835886730443868,15.051764253496344,0.6596601317572865
Robbery,ARIMA,6,1,16.97057974166196,17.424541587902105,18.4054816472357,16.84372353500108,18.076873277071737,0.9570297463068794
Robbery,ARIMA,6,2,19.202256980755863,19.65382700180954,21.52192468122681,20.70203110860547,22.255287474666048,1.1810984467667147
Robbery,ARIMA,6,3,9.466886450489174,8.866102608093197,9.135230629298901,8.777441582027043,9.976438425373587,0.5148778581635975
Robbery,ARIMA,6,4,12.903705256460075,13.900485082914892,14.26652554488854,15.93922289509891,20.114606673773164,0.9884789392309401
Robbery,SARIMA,6,0,15.63060058968053,16.5517786701556,17.936076779659786,15.089704887652772,20.162628315473604,0.7754880456181297
Robbery,SARIMA,6,1,10.632161374537063,10.668571659993166,11.013507565678095,10.312952604677841,11.791249228718982,0.5859632161748773
Robbery,SARIMA,6,2,14.58731900306001,15.023975907442427,16.057348520259076,15.825254622531062,18.058946232216154,0.9028671416974933
Robbery,SARIMA,6,3,20.0194889550393,19.263422136741205,18.359293765277553,19.070787915405898,19.747523924360912,1.1186775034176644
Robbery,SARIMA,6,4,13.708714829042027,12.802770093625016,12.549643382022527,14.680509707378022,18.01380259161851,0.9104192066591021
Robbery,LGBM,6,0,13.911109846454458,13.882382186951087,13.747508216908916,12.656105093793544,14.368909466344263,0.6504208185247218
Robbery,LGBM,6,1,27.695030612882228,28.79831230873454,32.68365565326182,27.838368565158053,31.040324676733935,1.5817254866567074
Robbery,LGBM,6,2,33.14990055657458,33.42856553685701,39.92548731212704,35.2114223655451,35.934913930615345,2.008892559682446
Robbery,LGBM,6,3,15.120353365512438,14.26179596816191,15.064189667384612,14.11917800850406,17.720928688338947,0.8282199390463275
Robbery,LGBM,6,4,12.085285928654965,12.773632473691324,13.115400877843083,14.647098569854007,17.48060635587681,0.908347198130481
Robbery,Ensemble,6,0,11.28951781376815,12.01638930714002,12.426336020633201,10.954941585029346,14.521564467079191,0.5629948566182105
Robbery,Ensemble,6,1,14.066520389955087,14.23748194610887,14.888527880316868,13.762899214595636,15.47185994983595,0.7819829099202066
Robbery,Ensemble,6,2,19.315550336304156,19.74308932458979,21.622443377623668,20.79605408860082,22.23581483762691,1.186462673834595
Robbery,Ensemble,6,3,8.771408309793031,7.704029487314494,7.971572762539007,7.6269891924541895,11.522832939821521,0.44739322078641897
Robbery,Ensemble,6,4,11.69738091303337,12.244522086450067,12.413839389131608,14.040385325816482,16.466777358534774,0.8707215705932702
Robbery,Naive,12,0,18.688073927580085,19.609582963602833,21.056796509146395,18.416666666666668,20.786614282593817,0.9464668094218417
Robbery,Naive,12,1,17.398408512705032,17.82178217820312,19.040865216588575,18.0,19.45079261452688,1.0227272727272727
Robbery,Naive,12,2,27.861398286914902,28.54812398040086,32.785610192795076,29.166666666666668,30.667572450391308,1.6640253565768621
Robbery,Naive,12,3,9.351801427879087,9.360374414969298,9.379291039729402,10.0,14.288690166235206,0.5865921787709497
Robbery,Naive,12,4,18.860702607697142,18.518518518505328,19.078695010995837,21.666666666666668,28.6705423736629,1.3436692506459949
Robbery,SNaive,12,0,13.870128150225522,14.551907719596672,15.632458677916578,13.666666666666666,17.516658737708322,0.702355460385439
Robbery,SNaive,12,1,15.27410324418517,15.511551155102712,16.988000124113807,15.666666666666666,17.790446874657196,0.890151515151515
Robbery,SNaive,12,2,11.697422152577174,11.663947797706637,12.55917111759983,11.916666666666666,14.453949863849212,0.6798732171156893
Robbery,SNaive,12,3,12.096975557713382,12.324492979709575,12.780847733219789,13.166666666666666,16.911534525287763,0.7723463687150838
Robbery,SNaive,12,4,22.432957625194415,22.079772079756353,23.32591995026524,25.833333333333332,32.20507206429861,1.6020671834625322
Robbery,ETS,12,0,12.327930833611221,12.762453202210144,13.54495163480546,11.986070632419663,15.68868129312694,0.6159864993106465
Robbery,ETS,12,1,11.013077030403547,11.207200780495889,11.565266787300748,11.319272788310187,13.830024754299325,0.643140499335806
Robbery,ETS,12,2,11.697284994002226,11.65037528649942,12.121722509909596,11.902800084383282,14.994755229070675,0.6790820967318513
Robbery,ETS,12,3,12.802496384010212,12.704776162658035,12.734580868376606,13.572935867116923,16.31211492523804,0.7961778022610486
Robbery,ETS,12,4,21.226117313537245,20.138863237654263,20.93053001866011,23.56246998807227,29.29488066087688,1.4612384488726988
Robbery,Theta,12,0,11.769916129878965,12.326671677426997,12.605852927493757,11.576799150393795,14.183660428014953,0.5949532753949702
Robbery,Theta,12,1,12.942052812811058,13.078402951155807,13.634515242265389,13.209186980678263,15.035686722742659,0.7505219875385376
Robbery,Theta,12,2,15.210844659570673,15.585856183249385,16.505069659548717,15.923549733899444,17.29468772152697,0.9084751036773058
Robbery,Theta,12,3,9.187787151016861,9.05910130058012,9.073779210622256,9.678139889460644,13.708733442814447,0.5677121164208757
Robbery,Theta,12,4,19.258753728317203,19.263174993805602,19.916427292721902,22.537914742768606,29.717231218206113,1.3977001390864252
Robbery,ARIMA,12,0,16.5945733961134,17.408397880780694,18.421101936130647,16.349387009714373,18.628089070526116,0.8402254566020235
Robbery,ARIMA,12,1,18.9597842732689,19.491456284843427,21.02343594253585,19.6863708477081,21.1725393283112,1.1185437981652329
Robbery,ARIMA,12,2,16.949551715094767,17.423093658172803,18.6689112869159,17.800594020781066,19.298246958112856,1.0155647935786345
Robbery,ARIMA,12,3,11.589555839986133,12.023569183946146,12.187157649853518,12.845179744859152,16.510788087686482,0.7534881973241402
Robbery,ARIMA,12,4,20.390774770932126,20.83942191488984,21.713749674857915,24.38212364043848,31.628328255810132,1.5120696831279676
Robbery,SARIMA,12,0,12.670528864031445,13.222715947731325,14.120111125137285,12.418334060922021,16.532249874117166,0.6382013221887121
Robbery,SARIMA,12,1,11.880090382097126,12.132305519529544,12.624573533323677,12.253628574734948,13.926413868278184,0.6962288962917583
Robbery,SARIMA,12,2,12.06289539043442,12.079474540158712,12.690377295596134,12.341196488538884,15.251345415161632,0.704093618997464
Robbery,SARIMA,12,3,16.72506539524482,15.633754771128224,15.310047144566132,16.70206134716835,18.877122115949394,0.9797298555601546
Robbery,SARIMA,12,4,23.006272221997015,20.233838770878158,20.761478898724757,23.673591361944307,28.656057917643672,1.4681296968647632
Robbery,LGBM,12,0,14.061740954552068,14.378762195812127,14.767953987084248,13.504054162245538,15.75305013496218,0.6939985008434538
Robbery,LGBM,12,1,23.68758787092904,24.366684467788478,27.52059287309203,24.610351312486667,27.696389600442394,1.3983154154821968
Robbery,LGBM,12,2,32.617841503512295,33.14287830220365,39.42276902290959,33.86097399877901,35.07445808811726,1.9318463771094203
Robbery,LGBM,12,3,14.445999477963642,14.179241103650181,14.992752492467082,15.148155912411426,17.620266495097397,0.8885789781023462
Robbery,LGBM,12,4,22.121017314351324,22.41246281614502,23.794326975148582,26.22258149490835,33.52215996250129,1.6262066043354015
Robbery,Ensemble,12,0,12.094576468643416,12.708217749730805,13.13534384024563,11.935134503299437,14.459560947965883,0.61336879674344
Robbery,Ensemble,12,1,14.932955220984558,15.302384084260465,16.163370048121994,15.455407925115821,17.356381751469108,0.8781481775633989
Robbery,Ensemble,12,2,16.319471507628812,16.681504281486966,17.847637404028735,17.042936874266417,18.547533211759948,0.9723387123194785
Robbery,Ensemble,12,3,9.613251427246027,9.47143036240852,9.521581764637325,10.118644770514328,13.484637976299856,0.5935517882145276
Robbery,Ensemble,12,4,19.949516337666243,19.45358863814977,20.11183180265286,22.760698706651443,29.189865218108057,1.411516198862105
RC_Narcotics,Naive,1,0,14.344494892167992,14.344494892165955,15.452808559418003,1011.0,1011.0,0.40531195189175645
RC_Narcotics,Naive,1,1,6.9459585734309295,6.945958573429848,6.712823600240313,446.0,446.0,0.21028808524682915
RC_Narcotics,Naive,1,2,10.47646383467279,10.476463834671286,11.055580796606765,730.0,730.0,0.39670319717416896
RC_Narcotics,Naive,1,3,11.190441497887221,11.19044149788559,11.853681123629274,768.0,768.0,0.46553515760304814
RC_Narcotics,Naive,1,4,6.294706723891273,6.2947067238901475,6.102635228848292,352.0,352.0,0.23037591524522436
RC_Narcotics,SNaive,1,0,5.803064699205448,5.803064699204625,5.976474026448018,409.0,409.0,0.1639689300927086
RC_Narcotics,SNaive,1,1,15.620619841146238,15.620619841143805,16.943998648533075,1003.0,1003.0,0.4729124428308737
RC_Narcotics,SNaive,1,2,1.1481056257175661,1.1481056257174012,1.1415525114154437,80.0,80.0,0.04347432297799112
RC_Narcotics,SNaive,1,3,6.440332216231968,6.44033221623103,6.654622101776073,442.0,442.0,0.2679251818496709
RC_Narcotics,SNaive,1,4,24.606580829756798,24.606580829752392,21.91082802547596,1376.0,1376.0,0.9005603959586044
RC_Narcotics,ETS,1,0,8.735784873033403,8.735784873032165,9.134782339951771,615.6981178513943,615.6981178513943,0.24683462504691325
RC_Narcotics,ETS,1,1,31.03005705517973,31.030057055174893,26.862355011899037,1992.4399635130903,1992.4399635130903,0.9394313562700223
RC_Narcotics,ETS,1,2,3.3469872779211025,3.346987277920622,3.4039522014859838,233.21807352554242,233.21807352554242,0.1267374731594289
RC_Narcotics,ETS,1,3,6.996459844806243,6.996459844805224,6.759980194879936,480.16703914905247,480.16703914905247,0.29106072688286866
RC_Narcotics,ETS,1,4,6.823718750383893,6.823718750382672,6.598584332214689,381.5823525214673,381.5823525214673,0.2497368855214741
RC_Narcotics,Theta,1,0,10.57493485284292,10.57493485284142,11.165296255410407,745.3214084283691,745.3214084283691,0.29880086531831385
RC_Narcotics,Theta,1,1,6.2859003051157,6.285900305114721,6.09435768108029,403.6176585914791,403.6176585914791,0.19030489819957522
RC_Narcotics,Theta,1,2,7.573526943778742,7.573526943777653,7.87160604618619,527.7233574425027,527.7233574425027,0.2867801960560652
RC_Narcotics,Theta,1,3,8.521785051317709,8.521785051316467,8.901049191001666,584.8501080719343,584.8501080719343,0.3545159990044631
RC_Narcotics,Theta,1,4,1.3165732512704065,1.3165732512701709,1.3079631050812963,73.62277621104113,73.62277621104113,0.04818441605827537
RC_Narcotics,ARIMA,1,0,10.613007436459094,10.613007436457588,11.207746944814646,748.004764121637,748.004764121637,0.2998766280617938
RC_Narcotics,ARIMA,1,1,7.527017676296461,7.527017676295289,7.254012282908286,483.30980499499583,483.30980499499583,0.22787958177895978
RC_Narcotics,ARIMA,1,2,7.161855830856546,7.161855830855518,7.427841479924386,499.03811429408415,499.03811429408415,0.27119180198935827
RC_Narcotics,ARIMA,1,3,7.192445526237004,7.192445526235955,7.460750742746647,493.61753646564557,493.61753646564557,0.29921395525281597
RC_Narcotics,ARIMA,1,4,11.69697420564836,11.696974205646267,11.050676798322685,654.0947975798563,654.0947975798563,0.42809002173181576
RC_Narcotics,SARIMA,1,0,16.645836842126165,16.645836842123803,15.366865188602914,1173.1985806330522,1173.1985806330522,0.4703376920603567
RC_Narcotics,SARIMA,1,1,27.034350637710524,27.03435063770631,23.81520731270191,1735.8756544473927,1735.8756544473927,0.8184618107630688
RC_Narcotics,SARIMA,1,2,10.839071530324954,10.839071530323396,10.281843352516598,755.2665042330427,755.2665042330427,0.41043374924356996
RC_Narcotics,SARIMA,1,3,6.440332216231968,6.44033221623103,6.654622101776073,442.0,442.0,0.2679251818496709
RC_Narcotics,SARIMA,1,4,24.606580829756798,24.606580829752392,21.91082802547596,1376.0,1376.0,0.9005603959586044
RC_Narcotics,LGBM,1,0,4.700437064260429,4.700437064259761,4.813566393701246,331.286804289075,331.286804289075,0.13281355220809823
RC_Narcotics,LGBM,1,1,20.777765895621908,20.77776589561867,18.822335493188785,1334.1403481578827,1334.1403481578827,0.6290444378131372
RC_Narcotics,LGBM,1,2,0.8332205651070963,0.8332205651069768,0.8367063698787317,58.058808976662476,58.058808976662476,0.03155084266461143
RC_Narcotics,LGBM,1,3,2.3105027365481066,2.31050273654777,2.2841154614268477,158.56980280929656,158.56980280929656,0.09611955487227883
RC_Narcotics,LGBM,1,4,8.344892313379756,8.344892313378264,8.010652164994916,466.646378164196,466.646378164196,0.30540933654956176
RC_Narcotics,Ensemble,1,0,3.5956654768939313,3.5956654768934206,3.6614929967043652,253.42250281148426,253.42250281148426,0.10159759571495235
RC_Narcotics,Ensemble,1,1,18.531018313984863,18.531018313981974,16.95962290109152,1189.876685940968,1189.876685940968,0.5610244169649525
RC_Narcotics,Ensemble,1,2,1.6153038174677015,1.6153038174674696,1.6284560740323997,112.55437000114944,112.55437000114944,0.06116531292517857
RC_Narcotics,Ensemble,1,3,2.569520042486469,2.5695200424860944,2.6029618557775196,176.34616051584635,176.34616051584635,0.10689497087036062
RC_Narcotics,Ensemble,1,4,10.557747870087839,10.557747870085949,10.028363218057379,590.389260895312,590.389260895312,0.3863962111639461
RC_Narcotics,Naive,3,0,16.832004685250045,16.87244687198711,18.400768835059736,1225.3333333333333,1235.6582591207543,0.49123862022884823
RC_Narcotics,Naive,3,1,4.361380982533554,4.334530628094149,4.343657562432746,297.6666666666667,358.2052484260944,0.14034922281421408
RC_Narcotics,Naive,3,2,7.755323359067703,7.917138217782418,8.153543897887232,536.3333333333334,604.8209101323575,0.2914591069649488
RC_Narcotics,Naive,3,3,11.512794052231417,11.555577053303107,12.238542811172435,796.3333333333334,810.7044262039443,0.4827098487472578
RC_Narcotics,Naive,3,4,4.650985807515601,4.616584061925455,4.646485110057333,276.3333333333333,294.5918079874818,0.18085381982792706
RC_Narcotics,SNaive,3,0,6.903777173975485,6.894019369348378,7.210259706719071,500.6666666666667,576.3349720431687,0.20071828280297335
RC_Narcotics,SNaive,3,1,11.557550451825097,11.44063683137504,11.708311651978509,785.6666666666666,802.7712418034583,0.37044022191836795
RC_Narcotics,SNaive,3,2,7.411740259981173,7.203660876838695,7.011008852369606,488.0,599.2817923703896,0.26519337016574585
RC_Narcotics,SNaive,3,3,3.9281324226688037,3.9276385798585696,3.975857620359428,270.6666666666667,297.13745416333273,0.1640688142246854
RC_Narcotics,SNaive,3,4,13.505749846913186,13.175920253939232,12.378143023047175,788.6666666666666,905.014548686005,0.5161642191952659
RC_Narcotics,ETS,3,0,11.746651608719123,11.80169513146133,12.521539643529447,857.0784394305325,882.3192917685288,0.3436044858654102
RC_Narcotics,ETS,3,1,22.160304254798728,21.737980914907702,19.694445849244712,1492.8196093631675,1574.6688180681642,0.7038613840177129
RC_Narcotics,ETS,3,2,4.670337694206799,4.588292108115357,4.616570799286367,310.8262017107766,332.38023626539535,0.16891198353995648
RC_Narcotics,ETS,3,3,7.3966631868413275,7.31781746369176,7.073094386576064,504.2951941479026,558.8505360095891,0.30568638370586404
RC_Narcotics,ETS,3,4,4.445060689740518,4.3832121600709035,4.412603886570638,262.3644691946586,284.95323813748047,0.17171151908678112
RC_Narcotics,Theta,3,0,13.855880028788834,13.91005252767195,14.92491615056947,1010.1943814013424,1029.7940775296913,0.4049889777604981
RC_Narcotics,Theta,3,1,5.03263631982192,5.0433536623800315,5.058203519436189,346.34390717452817,381.7302319154079,0.16330044187586787
RC_Narcotics,Theta,3,2,5.521888701378153,5.667547787961619,5.745212935288158,383.9385789824989,457.4028464010528,0.2086433723299514
RC_Narcotics,Theta,3,3,9.188636435066721,9.230194357121208,9.651963031744714,636.083460463777,652.5938984867822,0.385571893249605
RC_Narcotics,Theta,3,4,6.334296412648739,6.51995347908656,6.61573231817648,390.2626820798796,459.9696300058047,0.25541796184718263
RC_Narcotics,ARIMA,3,0,10.992473387969213,10.997360152485678,11.632275104794225,798.6649521407217,799.4709311975005,0.3201864002568666
RC_Narcotics,ARIMA,3,1,4.500819767061748,4.443959925859894,4.451941273371536,305.18154130856664,352.77023872733366,0.1438924707947412
RC_Narcotics,ARIMA,3,2,4.848015370959794,4.876372413967746,4.933566128039497,330.34172189690463,351.21923001997527,0.17951728388564692
RC_Narcotics,ARIMA,3,3,5.163252023368417,5.220486197742457,5.353301221956742,359.7611055071093,422.467223319274,0.21807479551002468
RC_Narcotics,ARIMA,3,4,7.486213187421333,7.33907572397224,7.175153391558673,439.2926092512562,465.92497168327156,0.28750692305886605
RC_Narcotics,SARIMA,3,0,8.664777915412476,8.551124360273683,8.314993870323956,621.011154790971,735.0600614854336,0.24896463233915148
RC_Narcotics,SARIMA,3,1,19.57060752073407,19.225249004683658,17.65358220432741,1320.2619333150396,1378.9959887396285,0.6225007936795887
RC_Narcotics,SARIMA,3,2,8.38093600821273,8.26518859908979,7.951389645420491,559.9114263310336,633.6783005707737,0.3042721273422879
RC_Narcotics,SARIMA,3,3,3.9281324226688037,3.9276385798585696,3.975857620359428,270.6666666666667,297.13745416333273,0.1640688142246854
RC_Narcotics,SARIMA,3,4,13.505749846913186,13.175920253939232,12.378143023047175,788.6666666666666,905.014548686005,0.5161642191952659
RC_Narcotics,LGBM,3,0,8.154099662495211,8.177307532936265,8.631157599169635,593.8633307336353,688.9615241940927,0.23808101457625067
RC_Narcotics,LGBM,3,1,12.284416333145492,11.907327831333669,11.921562853092144,817.7158932704939,937.3775877392936,0.38555136652859345
RC_Narcotics,LGBM,3,2,2.8850462780198334,2.7669847018423805,2.8101396846323197,187.44476698515155,259.960732280329,0.10186292925558457
RC_Narcotics,LGBM,3,3,7.489972749570742,7.555145952480179,7.709462353886735,520.6502914052759,609.7195586381328,0.31560028055394274
RC_Narcotics,LGBM,3,4,9.369508896494294,9.314220190544365,8.804283199928276,557.5181732053816,672.2517231854384,0.36488283925578213
RC_Narcotics,Ensemble,3,0,8.46333160839348,8.533565533781681,8.904236816654736,619.7359742817001,671.7940370253817,0.24845340988492112
RC_Narcotics,Ensemble,3,1,9.121116419258591,8.778001644045524,8.522995675952732,602.8146329021156,738.6903271348148,0.2842258630308433
RC_Narcotics,Ensemble,3,2,3.5473044236463225,3.4696207432977917,3.50253575065587,235.04367455348165,263.5511089354496,0.12772955776839867
RC_Narcotics,Ensemble,3,3,3.5196488094959983,3.544650978113182,3.5666137629200114,244.27371440505158,261.13359959569783,0.14807031527843445
RC_Narcotics,Ensemble,3,4,4.954674247377958,4.749690448989592,4.753610264392569,284.3006379750362,367.5994025793804,0.1860682377224436
RC_Narcotics,Naive,6,0,14.144679218509085,14.255278856168587,15.279994366198688,1003.6666666666666,1035.3505042576967,0.40237200367493525
RC_Narcotics,Naive,6,1,4.486665803994048,4.389398067872074,4.387659594753539,295.3333333333333,372.5211403397128,0.1392490609332516
RC_Narcotics,Naive,6,2,6.492800566209787,6.688434263557812,6.734085925475617,437.0,507.24024551159846,0.2374784892672765
RC_Narcotics,Naive,6,3,11.720571912050938,11.147549797048168,11.432267327185263,691.1666666666666,814.0498551481147,0.4189614363237501
RC_Narcotics,Naive,6,4,9.07872612477464,8.707139676413576,8.619057939070277,488.8333333333333,552.1308721670977,0.3199301891165923
RC_Narcotics,SNaive,6,0,9.007222457192594,8.905406684972803,9.647661886695873,627.0,758.4659957220671,0.25136557253821096
RC_Narcotics,SNaive,6,1,6.467643718737815,6.487490710923794,6.551367646572846,436.5,573.8947348309329,0.20580885473148192
RC_Narcotics,SNaive,6,2,8.054469622770409,7.759808173052198,7.601414058598362,507.0,612.2159205160654,0.27551852187301873
RC_Narcotics,SNaive,6,3,12.691004699700253,10.894868417515365,11.10350782834224,675.5,975.4507505080237,0.40946484239695186
RC_Narcotics,SNaive,6,4,16.7506890602664,16.37820988570532,15.229212353733454,919.5,1000.3238642226494,0.601791630874954
RC_Narcotics,ETS,6,0,25.10738905621365,24.700875657692425,30.13747705808365,1739.1063188059725,1962.1750325389382,0.6972112528412818
RC_Narcotics,ETS,6,1,19.94662940769161,19.74845763829335,17.985904430869212,1328.742058096537,1386.0889538584593,0.6264991551211924
RC_Narcotics,ETS,6,2,12.21394710188861,12.014516485992733,13.374648844722639,784.9884588064984,967.0959003102124,0.4265855224018649
RC_Narcotics,ETS,6,3,16.863885225275478,14.971501453789186,14.663532678964849,928.2580426373773,1163.3503921803913,0.5626780653326672
RC_Narcotics,ETS,6,4,9.316403584561598,9.024207809303848,9.941719828237213,506.6340667606819,608.6033452668765,0.33158036029659715
RC_Narcotics,Theta,6,0,12.188008151151257,12.276354145357184,13.02142940061099,864.3371741941352,891.3678211331386,0.34651452736422356
RC_Narcotics,Theta,6,1,4.317781213936133,4.303815225732646,4.301213479134438,289.575034438052,330.7674155651469,0.13653403481449006
RC_Narcotics,Theta,6,2,5.668068603421264,5.76175414898465,5.778786106169535,376.4538102475033,423.94867525534147,0.20457593166244178
RC_Narcotics,Theta,6,3,11.3998117123648,10.59353197084301,10.879620628380097,656.8166380789022,778.1423896574594,0.3981396316723515
RC_Narcotics,Theta,6,4,6.451883670102061,6.489574246905076,6.461698288638782,364.33551417833996,420.6862184791538,0.23844922595220025
RC_Narcotics,ARIMA,6,0,5.9931198452895345,6.155840609854421,6.316411625027535,433.41221787116046,568.1146665614101,0.173755837783477
RC_Narcotics,ARIMA,6,1,5.196458091574169,5.064968620247123,5.043293947998836,340.787971998969,412.201579729563,0.1606808298359041
RC_Narcotics,ARIMA,6,2,6.983797365971502,6.737614552239806,6.740429462381196,440.21327612818595,532.1340753945101,0.23922467681995432
RC_Narcotics,ARIMA,6,3,15.040186162028043,13.328160235000427,13.423389566269705,826.3681481704402,1043.8444717349496,0.5009159193966991
RC_Narcotics,ARIMA,6,4,17.94685933072282,17.10198599194611,15.986539433992577,960.1339968978696,1106.7722281646631,0.6283856485608015
RC_Narcotics,SARIMA,6,0,15.539231391698106,15.25983407602904,16.816210727100398,1074.3940511796434,1208.8540030943195,0.4307267556721196
RC_Narcotics,SARIMA,6,1,17.092702803851452,16.994837175835507,15.621143595390121,1143.4692946474938,1199.2499328434963,0.5391434271523852
RC_Narcotics,SARIMA,6,2,9.71485888706856,9.765217519719746,9.939078806481417,638.0267620134387,745.2878161336795,0.34672226900467634
RC_Narcotics,SARIMA,6,3,12.691004699700253,10.894868417515365,11.10350782834224,675.5,975.4507505080237,0.40946484239695186
RC_Narcotics,SARIMA,6,4,16.7506890602664,16.37820988570532,15.229212353733454,919.5,1000.3238642226494,0.601791630874954
RC_Narcotics,LGBM,6,0,8.959853590596948,8.943696618994377,9.103802882697472,629.6958666213455,727.3316002129391,0.25244635093814904
RC_Narcotics,LGBM,6,1,15.098829442455477,14.696597932498086,14.362078906437938,988.8360975582708,1133.4619780756059,0.46623419187999
RC_Narcotics,LGBM,6,2,5.629945483994728,5.32074087362303,5.3693237174631285,347.63947287962554,455.5862980269856,0.18891738404834282
RC_Narcotics,LGBM,6,3,16.171846709217178,14.151645161348645,14.13596236617574,877.4255860789084,1236.4120527291605,0.531865180338791
RC_Narcotics,LGBM,6,4,21.864292594475955,20.92918323730244,18.78627665533054,1174.9992289142558,1439.7127270553606,0.7690100078794164
RC_Narcotics,Ensemble,6,0,11.22026221319412,11.157835927356487,11.98165346555916,785.5860348587643,829.6457722481571,0.3149430357739972
RC_Narcotics,Ensemble,6,1,9.360169876962903,9.072549929953974,8.77497140277769,610.4314011204183,721.8889878566508,0.28781715362365895
RC_Narcotics,Ensemble,6,2,4.044585314873563,4.115675646001664,4.119872365209243,268.90452779093556,357.6108033673018,0.14613052864284154
RC_Narcotics,Ensemble,6,3,12.202458243341928,10.41584084343698,10.648664263431385,645.7994920278492,957.4891657288,0.3914614170587932
RC_Narcotics,Ensemble,6,4,9.991730572516405,9.498821803757277,9.344612890746314,533.2796874326223,619.7372639858658,0.34901930702834527
RC_Narcotics,Naive,12,0,12.091840329656906,12.310262183164932,12.986559653913202,847.5,913.6290275598734,0.33976447005762966
RC_Narcotics,Naive,12,1,5.509187870473418,5.268184788619045,5.284763924937244,349.3333333333333,458.1249829467937,0.16470995017838339
RC_Narcotics,Naive,12,2,9.24417941250389,8.859599753936246,9.081355616993157,564.0833333333334,674.6633110917869,0.3065392627479395
RC_Narcotics,Naive,12,3,10.990479709824275,10.46751121519044,10.492443783911183,618.3333333333334,738.2195924429712,0.3748123773236347
RC_Narcotics,Naive,12,4,82.70041231132417,37.11326517062737,37.95399914235282,1630.4166666666667,2217.7638324823197,1.0670702608363671
RC_Narcotics,SNaive,12,0,7.7374330879652025,7.723872467136227,8.09951476663436,531.75,672.5421300310239,0.2131796542219995
RC_Narcotics,SNaive,12,1,7.261056670754111,7.1143115668827335,7.076390852585606,471.75,593.3647697664566,0.22242915743316516
RC_Narcotics,SNaive,12,2,10.372737161235333,9.286284569977497,9.3524609434703,591.25,814.3440611928106,0.3213024182592156
RC_Narcotics,SNaive,12,3,14.720846879983327,13.500550179160713,13.166360091037847,797.5,987.965586445196,0.4834170419120194
RC_Narcotics,SNaive,12,4,98.78180407367581,44.9304778344738,41.81672073027658,1973.8333333333333,2615.5208850246254,1.2918285815573827
RC_Narcotics,ETS,12,0,19.97066143841045,19.935312922084698,23.169501688381153,1372.4466181209375,1582.8484115765125,0.5502166346763969
RC_Narcotics,ETS,12,1,15.7286721377371,15.780441606997964,14.387794809621443,1046.4010829600481,1173.7148541900292,0.4933759644302174
RC_Narcotics,ETS,12,2,10.989132204650314,10.53473955400053,11.360049604169532,670.7380884535943,844.6534554560957,0.3644985536383992
RC_Narcotics,ETS,12,3,14.61131164518725,13.807814317046823,13.004667757235417,815.6506047318293,1018.2751337741181,0.49441931357142405
RC_Narcotics,ETS,12,4,72.95500643432514,30.496565536779052,33.59480935487253,1339.739537835343,1949.4490904441943,0.8768287563040655
RC_Narcotics,Theta,12,0,12.345809826309575,12.48877081046375,13.233610382716387,859.7894264463874,903.5773766203783,0.34469132606219494
RC_Narcotics,Theta,12,1,5.036815077879428,4.993968766039811,5.014352769509448,331.15006887610406,360.2127467578583,0.15613657828096753
RC_Narcotics,Theta,12,2,8.471929454025318,8.064986251770215,8.278486769035938,513.4909538283399,623.1835799101934,0.2790458946626247
RC_Narcotics,Theta,12,3,10.70900861808246,10.079562578136358,10.121856159424416,595.4165607614867,707.5591983740694,0.36092101881974425
RC_Narcotics,Theta,12,4,71.72367026002924,30.483080904972603,33.44774182196288,1339.1471467228928,1924.2055709729218,0.8764410499270374
RC_Narcotics,ARIMA,12,0,5.230537112899967,5.285588356616877,5.344813849596421,363.88633041129333,480.9654343304299,0.1458827683934025
RC_Narcotics,ARIMA,12,1,6.229429102759365,5.933729952227132,5.919910495159386,393.46563313218616,519.4936492852426,0.18551823901748604
RC_Narcotics,ARIMA,12,2,10.847427236101652,9.612636457396533,9.733845800364614,612.0285527120642,859.6589662592831,0.3325940871544593
RC_Narcotics,ARIMA,12,3,19.294836345836522,17.821934290016426,17.07546222412653,1052.771361735102,1209.9577781634403,0.6381537523506853
RC_Narcotics,ARIMA,12,4,106.0726892634807,52.504670674995445,47.31944872077452,2306.573936644823,2865.010154287391,1.5095996640208273
RC_Narcotics,SARIMA,12,0,10.476026710263078,10.415469799296739,11.21628274588356,717.0530183325927,909.4623650725742,0.28746801035633884
RC_Narcotics,SARIMA,12,1,16.575535780716752,16.600757781567122,15.106476641746006,1100.7962484957297,1206.5081109805305,0.5190231734149322
RC_Narcotics,SARIMA,12,2,10.099692539795113,9.378846315963969,9.642726438741251,597.1433292321705,781.1816683261698,0.3245050244899033
RC_Narcotics,SARIMA,12,3,14.720846879983327,13.500550179160713,13.166360091037847,797.5,987.965586445196,0.4834170419120194
RC_Narcotics,SARIMA,12,4,98.78180407367581,44.9304778344738,41.81672073027658,1973.8333333333333,2615.5208850246254,1.2918285815573827
RC_Narcotics,LGBM,12,0,7.1796018891799305,7.2622127760777815,7.326467435708138,499.9670385690809,589.6552202448757,0.20043780047870946
RC_Narcotics,LGBM,12,1,10.237878583434226,10.10670394239797,9.833949609950702,670.1755384204179,856.4113721474262,0.31598639182442256
RC_Narcotics,LGBM,12,2,8.692106220316683,7.71823648252756,7.9527484400650925,491.4136849788008,696.5133318150131,0.2670484657071646
RC_Narcotics,LGBM,12,3,21.133601038622665,19.526162785723976,18.201182302579735,1153.4429793573745,1466.9392982518375,0.6991774208089384
RC_Narcotics,LGBM,12,4,91.34161933469734,48.95136824870413,45.80311447731735,2150.474399972487,2576.846925836704,1.407436102571268
RC_Narcotics,Ensemble,12,0,8.872324600216713,8.971056499224295,9.401001484329646,617.612384689104,694.4837539582791,0.247602058507283
RC_Narcotics,Ensemble,12,1,8.026141045423667,7.874116294938675,7.594586811849817,522.1326515173902,619.7963454281006,0.24618447428798632
RC_Narcotics,Ensemble,12,2,7.253844904414709,6.552424890810035,6.790171383997447,417.18743244380477,617.5973661415973,0.22671176475526025
RC_Narcotics,Ensemble,12,3,14.556005360931747,13.264070999266137,12.9842625258873,783.5307807116606,984.2430512916286,0.47494938214250293
RC_Narcotics,Ensemble,12,4,85.93781033548696,38.60689873724848,38.7901357874125,1696.0332339429722,2303.8610822025576,1.1100147970338918
Kidnapping,Naive,1,0,25.64102564102564,25.64102564036818,29.411764705449826,10.0,10.0,0.633245382585752
Kidnapping,Naive,1,1,21.21212121212121,21.212121211478426,19.178082191518108,7.0,7.0,0.49528301886792453
Kidnapping,Naive,1,2,9.67741935483871,9.677419354526535,9.230769230627219,3.0,3.0,0.22406639004149376
Kidnapping,Naive,1,3,2.564102564102564,2.564102564036818,2.531645569588207,1.0,1.0,0.08187134502923978
Kidnapping,Naive,1,4,43.13725490196079,43.13725490111496,54.9999999993125,22.0,22.0,1.9130434782608696
Kidnapping,SNaive,1,0,5.128205128205128,5.128205128073636,5.263157894667589,2.0,2.0,0.1266490765171504
Kidnapping,SNaive,1,1,27.27272727272727,27.27272727190083,31.578947367867038,9.0,9.0,0.6367924528301887
Kidnapping,SNaive,1,2,25.806451612903224,25.80645161207076,22.857142856816324,8.0,8.0,0.5975103734439834
Kidnapping,SNaive,1,3,15.384615384615385,15.38461538422091,16.666666666435184,6.0,6.0,0.4912280701754386
Kidnapping,SNaive,1,4,39.21568627450981,39.21568627374087,48.78048780428316,20.0,20.0,1.7391304347826086
Kidnapping,ETS,1,0,42.87050871037735,42.87050870927811,54.567106859218974,16.71949839704717,16.71949839704717,1.058754515908
Kidnapping,ETS,1,1,7.843092383588717,7.843092383351048,8.163216696973102,2.5882204865842766,2.5882204865842766,0.18312880801303844
Kidnapping,ETS,1,2,11.196233272458802,11.196233272097631,10.602682726678953,3.4708323144622284,3.4708323144622284,0.25923228904697143
Kidnapping,ETS,1,3,7.7317004941977965,7.731700493999549,8.042615983984778,3.0153631927371407,3.0153631927371407,0.24687184034105247
Kidnapping,ETS,1,4,40.107479217183666,40.107479216397245,50.16804916243734,20.45481440076367,20.45481440076367,1.7786795131098843
Kidnapping,Theta,1,0,22.873824237972983,22.87382423738648,25.82771760213844,8.920791452809464,8.920791452809464,0.5649049996502036
Kidnapping,Theta,1,1,10.448860100507813,10.448860100191181,9.930070512491355,3.4481238331675783,3.4481238331675783,0.24397102593166828
Kidnapping,Theta,1,2,22.279980409641738,22.27998040892303,20.046771974928586,6.906793926988939,6.906793926988939,0.5158601273269747
Kidnapping,Theta,1,3,5.341527838659797,5.341527838522836,5.202579229652974,2.083195857077321,2.083195857077321,0.17055404677826022
Kidnapping,Theta,1,4,32.62792343522439,32.62792343458463,38.98849091737788,16.640240951964437,16.640240951964437,1.4469774740838641
Kidnapping,ARIMA,1,0,11.884510809396067,11.884510809091337,12.635334666346749,4.634959215664466,4.634959215664466,0.2935066521792802
Kidnapping,ARIMA,1,1,19.635428077839077,19.635428077244065,17.880018947224986,6.4796912656868955,6.4796912656868955,0.45846872162878977
Kidnapping,ARIMA,1,2,19.197455539529532,19.197455538910262,17.516129913091067,5.951211217254155,5.951211217254155,0.4444888046081941
Kidnapping,ARIMA,1,3,1.620427834625578,1.6204278345840288,1.6074044202843258,0.6319668555039755,0.6319668555039755,0.05173997647400969
Kidnapping,ARIMA,1,4,32.41050243722782,32.410502436592324,38.67844096221957,16.52935624298619,16.52935624298619,1.43733532547706
Kidnapping,SARIMA,1,0,49.42690382463695,49.4269038233696,65.65170681783796,19.276492491608412,19.276492491608412,1.2206749862759945
Kidnapping,SARIMA,1,1,19.31933057930317,19.31933057871774,21.385055347560208,6.375379091170046,6.375379091170046,0.45108814324316365
Kidnapping,SARIMA,1,2,3.565655204366295,3.5656552042512737,3.503199201977478,1.1053531133535515,1.1053531133535515,0.08255749394341878
Kidnapping,SARIMA,1,3,9.53317216888123,9.53317216863679,10.010322823463696,3.7179371458636794,3.7179371458636794,0.30439251486603225
Kidnapping,SARIMA,1,4,46.86142708800971,46.86142708709086,61.20133705874517,23.899327814884952,23.899327814884952,2.078202418685648
Kidnapping,LGBM,1,0,32.26261270213226,32.26261270130502,38.46800432672436,12.582418953831581,12.582418953831581,0.7967758704273297
Kidnapping,LGBM,1,1,33.63640261183747,33.63640261081819,28.793802879497825,11.100012861906364,11.100012861906364,0.7853782685311107
Kidnapping,LGBM,1,2,19.52172417599902,19.521724175369286,17.785687725430613,6.051734494559696,6.051734494559696,0.451996767228525
Kidnapping,LGBM,1,3,14.28155487341955,14.281554873053356,13.329709952576232,5.569806400633624,5.569806400633624,0.4560075415723435
Kidnapping,LGBM,1,4,38.764286687769705,38.76428668700962,48.08399564956417,19.76978621076255,19.76978621076255,1.719111844414135
Kidnapping,Ensemble,1,0,31.863672056903127,31.863672056086113,37.90218621546316,12.426832102192218,12.426832102192218,0.7869234048881616
Kidnapping,Ensemble,1,1,7.311653565458507,7.311653565236943,7.05377960148582,2.4128456766013073,2.4128456766013073,0.17072021296707363
Kidnapping,Ensemble,1,2,15.152209720399068,15.152209719910287,14.085107226984034,4.697185013323711,4.697185013323711,0.3508270964308166
Kidnapping,Ensemble,1,3,0.7957275767251687,0.7957275767047655,0.7925742109338012,0.3103337549228158,0.3103337549228158,0.025407441923505386
Kidnapping,Ensemble,1,4,38.15432377308306,38.15432377233493,47.14901832672533,19.45870512427236,19.45870512427236,1.6920613151541182
Kidnapping,Naive,3,0,21.08754908754909,21.782178217606116,22.823001254015743,7.333333333333333,7.745966692414834,0.46437994722955145
Kidnapping,Naive,3,1,10.774410774410773,10.169491525337547,10.314262691244213,4.0,4.96655480858378,0.2830188679245283
Kidnapping,Naive,3,2,16.990988637847725,15.789473684044319,15.669515669268744,5.0,5.446711546122731,0.37344398340248963
Kidnapping,Naive,3,3,7.521367521367521,8.527131782879636,8.251289263854504,3.6666666666666665,5.802298395176403,0.3001949317738791
Kidnapping,Naive,3,4,39.6108831129351,39.99999999972414,49.62962962899125,19.333333333333332,19.697715603592208,1.681159420289855
Kidnapping,SNaive,3,0,31.58327558327559,26.73267326706205,25.17387389077996,9.0,10.908712114635714,0.5699208443271768
Kidnapping,SNaive,3,1,21.220538720538716,21.186440677786557,24.379129641922958,8.333333333333334,9.291573243177568,0.589622641509434
Kidnapping,SNaive,3,2,10.761394802141828,10.526315789362881,9.815126050273843,3.3333333333333335,4.69041575982343,0.24896265560165975
Kidnapping,SNaive,3,3,15.961538461538463,16.27906976731567,16.88453159020834,7.0,7.32575365861197,0.5730994152046784
Kidnapping,SNaive,3,4,34.7469220246238,34.48275862045185,42.42311108938293,16.666666666666668,16.911534525287763,1.4492753623188406
Kidnapping,ETS,3,0,27.308088305053328,30.519062867200386,33.88403244558639,10.274751165392527,12.372499768482013,0.6506438732702392
Kidnapping,ETS,3,1,14.126578430839484,14.19060415219245,13.034936259621938,5.581637633242998,6.80454060892964,0.3949271910313442
Kidnapping,ETS,3,2,14.68694162193941,13.655530035261124,13.681382667369535,4.324251177878208,4.586470089848229,0.32297311701994913
Kidnapping,ETS,3,3,14.926403095695292,14.326205138010204,13.61045576605972,6.16026820939214,7.509813921755864,0.504349444043801
Kidnapping,ETS,3,4,37.23193188979253,37.35447246573248,45.79084016451543,18.054661691895213,18.1937062718165,1.5699705819039316
Kidnapping,Theta,3,0,20.73683183175651,20.935567056169685,21.88273342689607,7.048307575646913,7.244659006068088,0.4463308227322583
Kidnapping,Theta,3,1,13.274719177375191,13.70457327532914,13.973497930134762,5.39046548834181,5.89686865754595,0.3814008600241847
Kidnapping,Theta,3,2,22.83954252908263,20.048979095181938,19.31290737748704,6.348843380207778,7.880489385054688,0.4741874723806639
Kidnapping,Theta,3,3,8.686599383806008,9.458122051521276,9.245388649831103,4.066992482185675,5.447860659062423,0.3329701447403477
Kidnapping,Theta,3,4,28.638867886105068,29.098682882661425,33.69516784284919,14.064363393383351,14.561388498060955,1.2229881211637696
Kidnapping,ARIMA,3,0,22.07643494051782,18.652279233786555,19.046048771986616,6.279600675436981,7.667807411826645,0.3976528132202838
Kidnapping,ARIMA,3,1,11.601292000780234,11.178015547338548,11.319705082209186,4.396686115323756,5.044049838036919,0.3110862817446054
Kidnapping,ARIMA,3,2,22.950772150734903,20.154199077136813,19.367752119506633,6.3821630411605055,7.902379281953965,0.4766760777630253
Kidnapping,ARIMA,3,3,8.063145235871016,9.133585265659022,8.902014277077953,3.9274416642638244,6.146530786288077,0.32154493157715525
Kidnapping,ARIMA,3,4,23.846765673351843,24.392215280887346,27.49310250618639,11.789570719176858,12.570169777766788,1.0251800625371181
Kidnapping,SARIMA,3,0,26.325096049450696,29.73323240181509,33.263304332452755,10.010188242043524,12.642490675133738,0.6338905483088247
Kidnapping,SARIMA,3,1,12.669353516882145,11.943355219136407,13.09933105379946,4.697719719566798,5.0352387215548,0.33238582921463194
Kidnapping,SARIMA,3,2,8.331884351972308,8.971475763408725,8.67903218102266,2.8409673251093346,3.5523539927400467,0.21218843092102913
Kidnapping,SARIMA,3,3,14.328701803491898,14.276402594160109,14.175163951151385,6.138853115536435,6.403366168532445,0.502596161505907
Kidnapping,SARIMA,3,4,42.892730545497855,42.575331475723004,55.082809477958236,20.5780768800747,20.775939767818848,1.7893979895717131
Kidnapping,LGBM,3,0,31.360762415601318,30.671558661530483,32.614599933333274,10.326091416150835,10.449159987674884,0.6538949709435885
Kidnapping,LGBM,3,1,18.596084474288197,16.928583287474535,16.264552359750216,6.658576093129746,8.157460282858061,0.4711256669667273
Kidnapping,LGBM,3,2,34.62082932322968,33.45254623081637,28.938905690330053,10.593306306536691,11.090204530202742,0.7912013009031553
Kidnapping,LGBM,3,3,9.782829211524495,9.592779238484699,9.485176867065741,4.124895072580396,4.268192171717198,0.33771070769664063
Kidnapping,LGBM,3,4,26.265636300316626,26.398437487458377,30.923793291602326,12.759244785692877,13.712980407305304,1.1094995465819892
Kidnapping,Ensemble,3,0,24.29298829792179,24.91580684514342,26.478360575676373,8.388321637948003,8.92354478441197,0.5311865944874725
Kidnapping,Ensemble,3,1,7.890399931155952,7.849947513698213,7.702890799538796,3.087646022080797,3.171629892800508,0.21846552043024509
Kidnapping,Ensemble,3,2,17.440922025472872,15.362459676499284,15.32018322437438,4.864778897609315,5.958505148540002,0.36334448197911895
Kidnapping,Ensemble,3,3,7.8147744343468215,8.10096207407416,7.798678205263659,3.483413691878892,4.152354170901133,0.2851917642473947
Kidnapping,Ensemble,3,4,31.775186459012776,31.963827918492516,37.95171714779444,15.449183494044595,15.740370551670418,1.343407260351704
Kidnapping,Naive,6,0,19.546750734250733,20.192307692210615,21.489854550985985,7.0,7.593857166596345,0.4432717678100264
Kidnapping,Naive,6,1,17.601440311179946,18.699186991793905,17.986874149446276,7.666666666666667,10.0,0.5424528301886793
Kidnapping,Naive,6,2,18.23428727200253,18.385650224132803,18.844661945569914,6.833333333333333,7.905694150420948,0.5103734439834025
Kidnapping,Naive,6,3,16.395654154274844,15.48117154805238,15.666304355874267,6.166666666666667,7.472170590486631,0.5048732943469786
Kidnapping,Naive,6,4,35.75949825245973,38.07829181481111,45.10414573648444,17.833333333333332,19.51495153294861,1.5507246376811594
Kidnapping,SNaive,6,0,24.080328267828268,21.634615384511374,20.046509193600567,7.5,9.192388155425117,0.474934036939314
Kidnapping,SNaive,6,1,21.17517589913925,23.577235772261883,24.904511910756263,9.666666666666666,12.675435561221029,0.6839622641509434
Kidnapping,SNaive,6,2,12.872412035642691,13.901345291417483,13.705249600490557,5.166666666666667,7.863417408056966,0.38589211618257263
Kidnapping,SNaive,6,3,15.368221338048924,16.317991631730887,15.063303608724068,6.5,7.691987172809551,0.5321637426900585
Kidnapping,SNaive,6,4,27.393988871549436,27.04626334509948,31.44736685919281,12.666666666666666,14.11854572303158,1.1014492753623188
Kidnapping,ETS,6,0,36.476647712082226,37.812144570888115,47.21781698329274,13.1082101179709,14.444933935420297,0.8300713531168908
Kidnapping,ETS,6,1,13.832407997919665,15.989361166429408,14.347135110690932,6.555638078262707,9.481225314597756,0.46384231685821037
Kidnapping,ETS,6,2,19.49507779395199,20.547835618191364,21.760775594813087,7.636945571462037,10.314595599434224,0.570394275046957
Kidnapping,ETS,6,3,16.82281523336211,15.242679315604319,15.014109067239865,6.0716672607411235,7.2409546599688115,0.49709556520687564
Kidnapping,ETS,6,4,36.91387825951489,38.58243749614625,45.74807749855272,18.06944156075946,19.340830436612293,1.5712557878921272
Kidnapping,Theta,6,0,19.09979310472138,19.517727103244827,20.70824308385115,6.7661453958240685,7.286858221515794,0.4284630329809437
Kidnapping,Theta,6,1,15.532998282327734,18.44734947220427,17.605479578895647,7.563413283634496,11.156445569073696,0.5351471662948936
Kidnapping,Theta,6,2,17.192705289713235,15.696404898256608,16.019059927915468,5.833830487211533,7.440441207327901,0.43572177912783233
Kidnapping,Theta,6,3,17.3180490895915,16.14120659690156,16.31411778569654,6.4295806277926895,7.438132371835273,0.5263984139713314
Kidnapping,Theta,6,4,27.553319087589568,29.18680047971309,32.515472681210234,13.669151558047608,14.933138595475565,1.1886218746128354
Kidnapping,ARIMA,6,0,17.837523678875176,15.580946918848449,15.683242724941628,5.401394931893431,6.680791222848103,0.34204084001435975
Kidnapping,ARIMA,6,1,17.252894553888257,18.74248928321602,18.018669871422425,7.684420606149806,10.167054772582215,0.543709005152109
Kidnapping,ARIMA,6,2,15.114968722599606,13.299307241139399,13.687398529555752,4.942909191312309,6.852728362045768,0.3691799396000895
Kidnapping,ARIMA,6,3,16.169287994471617,15.52025221916293,15.708830889701453,6.182233800659101,7.4713630034385,0.5061477965451896
Kidnapping,ARIMA,6,4,24.881592582349263,25.189034463637455,27.521960545953316,11.796864473845524,12.428302989019926,1.0258143020735238
Kidnapping,SARIMA,6,0,31.504014562998634,32.826424390221106,40.01360185055901,11.379827121998028,13.102450826970784,0.7206222979629359
Kidnapping,SARIMA,6,1,18.142753814607328,19.94900180361304,20.55345827221151,8.179090739514594,11.217497175757181,0.5787092504373533
Kidnapping,SARIMA,6,2,19.8099738816381,22.490792025138347,23.936175104296073,8.359077702713904,11.656029919033871,0.6243294549744824
Kidnapping,SARIMA,6,3,19.629330419873305,19.69768167354761,17.983085455207593,7.8462431999959605,8.965121842713604,0.6423824842101956
Kidnapping,SARIMA,6,4,31.853645619352676,32.616204757919796,39.160868826989585,15.275255895013466,17.037369341606603,1.3282831213055188
Kidnapping,LGBM,6,0,21.483401994265048,21.130024252131022,22.603000375992575,7.325075074107303,8.212951819509373,0.4638569967772435
Kidnapping,LGBM,6,1,26.571908568714793,24.407174523984327,23.293219850342407,10.00694155487425,11.11972280554663,0.7080383175618574
Kidnapping,LGBM,6,2,25.062942017060095,23.554385805571563,22.718067083180806,8.754380057776688,9.678745609483107,0.6538541121990887
Kidnapping,LGBM,6,3,25.2255574224474,21.970915782050838,21.530110280022903,8.751748119886868,10.432542143305998,0.7165173899322582
Kidnapping,LGBM,6,4,23.330968139614562,22.205809724011065,24.92341840282275,10.39972088744886,11.39653846326704,0.9043235554303356
Kidnapping,Ensemble,6,0,21.92632652186491,22.187768083150136,24.139940251870172,7.691759602195693,8.099415473486335,0.4870771252050043
Kidnapping,Ensemble,6,1,12.943861933251155,14.932253129580687,13.855034504989625,6.122223783152968,8.990573625351256,0.433176211072144
Kidnapping,Ensemble,6,2,16.729475796653706,16.42721284742244,16.829894089057372,6.105447441652718,7.950102536842477,0.45600852261306607
Kidnapping,Ensemble,6,3,14.65259241712927,12.692434174994444,13.118026677684954,5.055819613060607,6.408768922718719,0.4139267519464825
Kidnapping,Ensemble,6,4,28.90668073768418,29.556057384285527,33.29711550305513,13.84208687502298,14.506993946207569,1.2036597282628678
Kidnapping,Naive,12,0,22.645281912489,25.110132158535,26.404750592891595,9.5,12.26104943849968,0.6015831134564644
Kidnapping,Naive,12,1,17.89013843128038,17.270788912543132,16.96518081621671,6.75,8.958236433584458,0.47759433962264153
Kidnapping,Naive,12,2,18.222048788320212,19.047619047577818,19.506874006965255,7.333333333333333,8.727351641057364,0.5477178423236514
Kidnapping,Naive,12,3,18.732742445908315,18.461538461502958,19.06097270122411,8.0,9.092121131323903,0.6549707602339182
Kidnapping,Naive,12,4,39.50357564122553,46.417445482793745,53.16207077134306,24.833333333333332,31.026870075253587,2.1594202898550723
Kidnapping,SNaive,12,0,22.627752083483767,22.68722466955355,22.475510552178413,8.583333333333334,11.071735786828247,0.5435356200527705
Kidnapping,SNaive,12,1,17.023793967390972,18.97654584217702,19.30488075562341,7.416666666666667,10.547511554864494,0.5247641509433962
Kidnapping,SNaive,12,2,14.12031668684581,15.151515151482355,14.384276604607313,5.833333333333333,7.7781745930520225,0.4356846473029045
Kidnapping,SNaive,12,3,21.381105104799182,22.115384615342087,23.25533523395844,9.583333333333334,11.368817000902073,0.7846003898635479
Kidnapping,SNaive,12,4,34.91842366015792,37.07165109028494,41.27839542713294,19.833333333333332,24.365275838099322,1.7246376811594202
Kidnapping,ETS,12,0,35.94671896822548,36.92576265931576,46.30904716457132,13.970246872805234,16.07290226494788,0.8846594325786956
Kidnapping,ETS,12,1,16.927544648467705,18.666284878253617,18.684497655933654,7.2954063399330105,10.199676847415983,0.5161844108443168
Kidnapping,ETS,12,2,16.213734047384467,16.424337381965838,17.615461537917433,6.323369892070535,8.27494256114432,0.4722848882044383
Kidnapping,ETS,12,3,22.86805342454251,22.456520166059875,23.2937286292927,9.731158738644659,11.095399643364509,0.7967030546258785
Kidnapping,ETS,12,4,41.326140883769355,44.7086691709875,51.63576294118407,23.919138006515567,28.101186692129918,2.079925044044832
Kidnapping,Theta,12,0,23.489635269129646,25.89258063265137,27.408888281327865,9.796026339374679,12.577264537560959,0.6203288447097423
Kidnapping,Theta,12,1,17.127525354640714,18.47481901639564,18.28443327785129,7.220575098923358,9.673181049085285,0.5108897475653319
Kidnapping,Theta,12,2,16.825387869761318,16.330524024207257,16.590513385781936,6.287251749333403,7.720796449046694,0.4695872675850674
Kidnapping,Theta,12,3,19.014412364931886,18.5885320063793,19.196468351978954,8.055030536113186,9.007756526953361,0.6594761842431849
Kidnapping,Theta,12,4,34.51680913649633,40.274940647032906,43.77370426385998,21.54709324619617,27.459486644926102,1.8736602822779278
Kidnapping,ARIMA,12,0,18.21641585569501,17.613723316896312,17.159442942788196,6.663858654907116,8.469339487930139,0.42198577234240314
Kidnapping,ARIMA,12,1,17.061837223004495,16.870301604611647,16.572542717327956,6.593476210483111,8.91649049679921,0.46651954319455974
Kidnapping,ARIMA,12,2,15.632714586382418,14.426578781213733,14.676754378368376,5.554232830779309,7.175001464571968,0.41483896661422226
Kidnapping,ARIMA,12,3,19.00569165984475,19.000819471066766,19.643647713496453,8.233688437478099,9.355348046449604,0.6741031469280315
Kidnapping,ARIMA,12,4,33.67562959045432,36.66704595576978,39.13476783425831,19.616869586367386,24.17322000894873,1.7058147466406424
Kidnapping,SARIMA,12,0,33.85519313361818,35.34091176595951,42.82389949308256,13.370644951484131,15.445929198868717,0.8466899177720822
Kidnapping,SARIMA,12,1,21.718292469104057,24.102535097779697,26.240989739638643,9.420074134068985,12.759832545266667,0.6665146792973339
Kidnapping,SARIMA,12,2,17.425358565142066,18.946005620344973,20.58519700145676,7.294212163848602,9.984542399892641,0.544795929250103
Kidnapping,SARIMA,12,3,22.33083982306001,21.90623452237745,22.317081640016315,9.492701626381816,10.565850982044186,0.7771802501131312
Kidnapping,SARIMA,12,4,36.68970317869793,40.729929075948434,46.56687576652206,21.790512055666355,26.95293075146005,1.8948271352753352
Kidnapping,LGBM,12,0,20.38030028754503,22.202120381263754,22.911262120859146,8.399802210929955,11.318552998307862,0.5319135964704985
Kidnapping,LGBM,12,1,33.6895636991351,29.247332470701377,27.018607429864304,11.430832440656827,13.516310590521625,0.8087853141974171
Kidnapping,LGBM,12,2,22.445150421353,19.58045567855457,19.349318602886527,7.538475436259827,9.648958282104177,0.5630396591397381
Kidnapping,LGBM,12,3,24.549118614587954,22.003314332204145,22.78757573036665,9.534769543973464,11.298223300734433,0.7806244071089387
Kidnapping,LGBM,12,4,35.92076634393808,36.33928275238841,39.1189471723665,19.44151627255808,23.56189517028957,1.6905666323963546
Kidnapping,Ensemble,12,0,22.399721919882705,24.098606925976554,25.593323076438857,9.117306287014545,11.315552298014287,0.5773492107872007
Kidnapping,Ensemble,12,1,15.612357652214962,16.106474228422044,15.819346773406998,6.294947010955037,8.547091082633475,0.445397194171347
Kidnapping,Ensemble,12,2,14.980924013427202,14.540685932950767,14.977256833091088,5.598164084198163,6.918856479135856,0.41812013906874246
Kidnapping,Ensemble,12,3,19.191098870812507,18.284016998169832,19.036383585300452,7.923074032555498,9.182334926189782,0.6486727278115613
Kidnapping,Ensemble,12,4,35.982848796641505,39.47902486695011,43.25120274153018,21.12127830385121,25.651465659438585,1.8366328959870617
Dacoity,Naive,1,0,40.0,39.99999999866667,49.99999999895834,12.0,12.0,1.92
Dacoity,Naive,1,1,8.108108108108109,8.108108107888972,7.792207792106594,3.0,3.0,0.4787234042553192
Dacoity,Naive,1,2,14.814814814814813,14.814814814266116,15.99999999968,4.0,4.0,0.5714285714285714
Dacoity,Naive,1,3,30.76923076923077,30.76923076844182,36.3636363630854,12.0,12.0,1.6578947368421053
Dacoity,Naive,1,4,3.4482758620689653,3.448275861950059,3.3898305084171216,1.0,1.0,0.1273209549071618
Dacoity,SNaive,1,0,10.0,9.999999999666667,9.523809523658352,3.0,3.0,0.48
Dacoity,SNaive,1,1,40.54054054054054,40.540540539444855,50.84745762625683,15.0,15.0,2.393617021276596
Dacoity,SNaive,1,2,11.11111111111111,11.111111110699587,10.526315789289013,3.0,3.0,0.42857142857142855
Dacoity,SNaive,1,3,5.128205128205128,5.128205128073636,5.263157894667589,2.0,2.0,0.2763157894736842
Dacoity,SNaive,1,4,6.896551724137931,6.896551723900118,7.142857142729592,2.0,2.0,0.2546419098143236
Dacoity,ETS,1,0,3.8888714044818924,3.8888714043522628,3.8146970726062186,1.1666614213445676,1.1666614213445676,0.18666582741513082
Dacoity,ETS,1,1,11.187079281150993,11.18707928084864,11.849908616846117,4.139219334025867,4.139219334025867,0.660513723514766
Dacoity,ETS,1,2,43.35948664147293,43.35948663986702,35.6341042950111,11.70706139319769,11.70706139319769,1.6724373418853844
Dacoity,ETS,1,3,18.407873991781905,18.407873991309913,20.273868031798827,7.179070856794944,7.179070856794944,0.9918453157414067
Dacoity,ETS,1,4,4.782178285843363,4.7821782856784605,4.6705024097240315,1.3868317028945754,1.3868317028945754,0.17657273670806264
Dacoity,Theta,1,0,16.11037169326771,16.110371692730695,17.521783954126217,4.833111507980313,4.833111507980313,0.77329784127685
Dacoity,Theta,1,1,4.277750392175793,4.277750392060179,4.3712458861352825,1.5827676451050436,1.5827676451050436,0.2525693050699538
Dacoity,Theta,1,2,21.50256133784099,21.502561337044597,19.415180761440702,5.805691561217067,5.805691561217067,0.8293845087452952
Dacoity,Theta,1,3,25.96268950352324,25.962689502857533,29.835774213100496,10.125448906374064,10.125448906374064,1.398910704170101
Dacoity,Theta,1,4,6.482993455150298,6.482993454926747,6.700179556086998,1.8800681019935865,1.8800681019935865,0.2393720660363187
Dacoity,ARIMA,1,0,17.64778786689746,17.6477878663092,19.35571568903523,5.294336360069238,5.294336360069238,0.847093817611078
Dacoity,ARIMA,1,1,18.621893743061698,18.621893742558406,20.53378340647646,6.890100684932829,6.890100684932829,1.0994841518509835
Dacoity,ARIMA,1,2,2.5020315689888646,2.5020315688961965,2.5337289176378937,0.6755485236269934,0.6755485236269934,0.09650693194671334
Dacoity,ARIMA,1,3,28.635310036036838,28.635310035302595,33.4203155173101,11.167770914054366,11.167770914054366,1.54291571838909
Dacoity,ARIMA,1,4,1.0734281668239902,1.0734281667869754,1.0792204951941589,0.3112941683789572,0.3112941683789572,0.03963427077503964
Dacoity,SARIMA,1,0,4.6405444257015445,4.640544425546859,4.750775345867494,1.3921633277104632,1.3921633277104632,0.2227461324336741
Dacoity,SARIMA,1,1,36.435870578113274,36.435870577128526,44.55239752908279,13.481272113901912,13.481272113901912,2.1512668266864754
Dacoity,SARIMA,1,2,32.911362595607244,32.91136259438831,28.26084758451764,8.886067900813956,8.886067900813956,1.269438271544851
Dacoity,SARIMA,1,3,17.27430934355607,17.274309343113142,18.907367958228026,6.736980643986868,6.736980643986868,0.9307670626560804
Dacoity,SARIMA,1,4,7.585595802747455,7.585595802485883,7.88464443112604,2.199822782796762,2.199822782796762,0.2800835373322137
Dacoity,LGBM,1,0,2.8667671593679955,2.8667671592724364,2.8262560689093226,0.8600301478103987,0.8600301478103987,0.13760482364966378
Dacoity,LGBM,1,1,41.81921062428255,41.8192106231523,52.87520790433955,15.473107930984543,15.473107930984543,2.4691129677102994
Dacoity,LGBM,1,2,16.301986067166148,16.301986066562367,17.748679713867805,4.4015362381348595,4.4015362381348595,0.6287908911621228
Dacoity,LGBM,1,3,43.128585177209715,43.12858517610386,54.985907056712605,16.82014821911179,16.82014821911179,2.3238362671141286
Dacoity,LGBM,1,4,26.103333400212147,26.103333399312035,30.02166046088704,7.569966686061523,7.569966686061523,0.9638153870847562
Dacoity,Ensemble,1,0,6.328613084403364,6.328613084192411,6.535413604542932,1.8985839253210095,1.8985839253210095,0.30377342805136154
Dacoity,Ensemble,1,1,22.468360923756862,22.46836092314961,25.311951199600536,8.313293541790038,8.313293541790038,1.3265893949664955
Dacoity,Ensemble,1,2,15.793878587753222,15.793878587168264,14.637930131145517,4.26434721869337,4.26434721869337,0.6091924598133386
Dacoity,Ensemble,1,3,26.681753610421556,26.681753609737413,30.789318684949706,10.405883908064407,10.405883908064407,1.4376550136141615
Dacoity,Ensemble,1,4,7.292634507818106,7.2926345075666354,7.568610041512372,2.1148640072672507,2.1148640072672507,0.26926650490405313
Dacoity,Naive,3,0,46.640926640926644,47.0588235289504,61.08061749454242,16.0,16.268579122549905,2.56
Dacoity,Naive,3,1,7.667241709794902,8.06451612896722,7.961387271636711,3.3333333333333335,4.396968652757639,0.5319148936170213
Dacoity,Naive,3,2,15.890652557319223,16.66666666645299,17.16866780983558,4.333333333333333,4.795831523312719,0.619047619047619
Dacoity,Naive,3,3,27.355977355977355,28.04878048746282,27.257266542484732,7.666666666666667,8.266397845091497,1.0592105263157896
Dacoity,Naive,3,4,10.846394984326018,10.344827586087991,10.365152737854359,3.0,3.415650255319866,0.3819628647214854
Dacoity,SNaive,3,0,24.671814671814673,25.490196078181466,28.60791826261771,8.666666666666666,9.556847457887633,1.3866666666666665
Dacoity,SNaive,3,1,38.86812344259153,39.516129031939386,49.33010492257541,16.333333333333332,17.33012790874128,2.606382978723404
Dacoity,SNaive,3,2,34.65608465608466,30.76923076883629,27.0277816552733,8.0,9.83192080250175,1.1428571428571428
Dacoity,SNaive,3,3,70.25197025197025,56.09756097492564,46.59942075231096,15.333333333333334,18.29389697868299,2.118421052631579
Dacoity,SNaive,3,4,21.08672936259143,21.83908045951909,23.256373255946198,6.333333333333333,7.593857166596345,0.806366047745358
Dacoity,ETS,3,0,29.721858964638397,31.209145426278095,37.417834812309245,10.611109445038585,12.538459264475629,1.6977775112061735
Dacoity,ETS,3,1,17.455158900919834,18.079552870120942,19.378228711231138,7.472881853043589,8.209828515590322,1.192481146762275
Dacoity,ETS,3,2,35.56412322256246,32.52402997573315,28.440329918613067,8.456247793799031,9.893693189193543,1.2080353991141473
Dacoity,ETS,3,3,46.81523524602294,40.63610615820789,37.79033298934274,11.10720235004561,11.538080998494994,1.5345476930984066
Dacoity,ETS,3,4,9.704666744991629,10.818703071043249,10.785840970138489,3.1374238906386047,4.694947694579846,0.3994598057046499
Dacoity,Theta,3,0,25.54783244587768,26.13947930060187,29.635257526048104,8.887422962291767,9.372083986379735,1.4219876739666828
Dacoity,Theta,3,1,10.388264879531112,11.08187382661709,11.24509291266006,4.580507848372004,5.7395848936254374,0.7309321034636176
Dacoity,Theta,3,2,29.25283568784744,26.4066229087147,24.25697124709366,6.865721956353845,7.811560639456917,0.9808174223362636
Dacoity,Theta,3,3,31.725024528912616,30.45614208970916,29.591685382035944,8.324678837955357,8.432055980675461,1.1501201026122532
Dacoity,Theta,3,4,10.953433755497285,11.374716188298008,11.485065852889322,3.298667694644338,3.7662078439133264,0.41998952080352314
Dacoity,ARIMA,3,0,23.659872298479442,24.062622275270165,26.99617068643876,8.181291573672064,8.48589544992871,1.3090066517875303
Dacoity,ARIMA,3,1,29.93218276216992,30.845799770681488,35.89868454620343,12.749597238651168,13.745188184298748,2.0345101976571014
Dacoity,ARIMA,3,2,13.433167443332028,11.7773344890632,12.09099072782261,3.06210696719569,3.9860244303043424,0.43744385245652717
Dacoity,ARIMA,3,3,30.22897370703635,29.849103174105007,29.023225495288614,8.158754867688199,8.443399151579165,1.1271963961937643
Dacoity,ARIMA,3,4,9.32841320833162,9.40644443847475,9.448446530739469,2.7278688871890324,3.2819655917075,0.34731487157844443
Dacoity,SARIMA,3,0,29.782105934992604,31.19927406512637,37.471953066855676,10.607753182246963,12.462912384043781,1.6972405091595142
Dacoity,SARIMA,3,1,35.98325576776193,36.75100918559722,45.07028831610584,15.190417130169356,16.37767801553007,2.4240027335376633
Dacoity,SARIMA,3,2,55.89973552469135,51.63260010181079,41.46884146182916,13.424476026642914,14.494964665981238,1.9177822895204162
Dacoity,SARIMA,3,3,59.07773249386642,49.90660042630383,43.878691753178025,13.641137450022738,14.852289107682026,1.884630831911036
Dacoity,SARIMA,3,4,21.294791510900684,22.06540613117171,23.522755789911102,6.398967778113348,7.628546250621145,0.8147226879295509
Dacoity,LGBM,3,0,19.41753834075284,20.645590508002428,23.254227218815725,7.019500772789645,9.196315361638113,1.123120123646343
Dacoity,LGBM,3,1,45.23664539349001,46.25629297843781,60.18597828044774,19.119267764575152,20.39969985266195,3.050946983708801
Dacoity,LGBM,3,2,12.558814908366914,13.22745820363442,13.446931507454952,3.439139132989041,3.8012739388375563,0.4913055904270059
Dacoity,LGBM,3,3,37.65728854249114,38.937300220309524,37.97407927214342,10.642862060347728,11.63818220174498,1.470395416232252
Dacoity,LGBM,3,4,25.68383890430726,24.39623053249191,25.053411394783137,7.0749068545039755,7.506353350888089,0.9007838965946706
Dacoity,Ensemble,3,0,24.725089788434875,25.856441307551826,29.45021541350039,8.79119004465381,10.102895056002977,1.4065904071446096
Dacoity,Ensemble,3,1,27.799101540774558,28.6029057262909,32.87008560470008,11.82253436696225,12.77954145531749,1.886574633025891
Dacoity,Ensemble,3,2,23.870757656517796,21.090235136991353,20.02920869840892,5.483461135688053,6.677387468919192,0.783351590812579
Dacoity,Ensemble,3,3,41.10085090366589,37.957050413727075,36.152070963778975,10.374927113211927,10.402808384310713,1.4333780880095424
Dacoity,Ensemble,3,4,14.748636263039646,14.968841136788344,15.252278924662141,4.340963929718516,4.763585457064289,0.5526956727493071
Dacoity,Naive,6,0,40.82046332046332,43.15789473661496,52.70779643155553,13.666666666666666,15.0,2.1866666666666665
Dacoity,Naive,6,1,23.351493497523503,18.691588784959386,19.14411314683321,6.666666666666667,8.86942313043338,1.0638297872340425
Dacoity,Naive,6,2,18.628747795414462,19.999999999875,20.473133690844904,5.333333333333333,6.298147875897061,0.7619047619047619
Dacoity,Naive,6,3,20.46586746586747,20.754716981001543,20.06643106229877,5.5,6.363961030678928,0.7598684210526315
Dacoity,Naive,6,4,9.313322322221097,9.289617486288035,9.324299238009887,2.8333333333333335,3.488074922742725,0.36074270557029176
Dacoity,SNaive,6,0,20.11368511368512,19.999999999894737,23.560187536250144,6.333333333333333,7.745966692414834,1.0133333333333332
Dacoity,SNaive,6,1,27.579331191823663,29.90654205593502,33.7925003734539,10.666666666666666,12.96148139681572,1.702127659574468
Dacoity,SNaive,6,2,33.924162257495595,32.49999999979688,29.226544814747957,8.666666666666666,9.966610925150702,1.238095238095238
Dacoity,SNaive,6,3,53.802752802752806,45.91194968524584,39.060250790507006,12.166666666666666,14.860462083439174,1.6809210526315788
Dacoity,SNaive,6,4,22.03298277547443,22.404371584577028,24.532742389440575,6.833333333333333,7.648529270389178,0.870026525198939
Dacoity,ETS,6,0,32.98592385928502,33.33332563818217,40.89792098222334,10.555553118813242,11.671029392780508,1.6888884990101187
Dacoity,ETS,6,1,15.235889984358355,14.952920889718484,15.491398116267732,5.33320845069118,6.528026094946959,0.8510439017060394
Dacoity,ETS,6,2,32.52964124347329,31.140389360678476,28.17968565552928,8.304103829566161,9.260201092175631,1.18630054708088
Dacoity,ETS,6,3,38.797478202933625,34.6808742923326,31.67433934261072,9.190431687525939,10.225837210428693,1.2697306936713468
Dacoity,ETS,6,4,19.441193110588053,20.027967865082736,22.784771545389894,6.108530198883614,7.372376147728711,0.7777438980010967
Dacoity,Theta,6,0,20.42419266153727,23.010807615811565,23.905693045288555,7.286755745045347,9.069809248139887,1.1658809192072555
Dacoity,Theta,6,1,15.457360359337283,14.202336961965816,14.720051716463297,5.065500183124811,5.795661990697414,0.8083244973071507
Dacoity,Theta,6,2,30.14750785701094,26.026861881603402,24.641287707884466,6.940496501804286,8.091066719829142,0.9914995002577551
Dacoity,Theta,6,3,24.350472069462636,23.21692529607123,22.371406506201286,6.15248520349757,6.818045132176268,0.8500144031147959
Dacoity,Theta,6,4,12.655787128679927,13.303271916124379,13.657863567647214,4.057497934440108,4.794466148881517,0.5166045115467511
Dacoity,ARIMA,6,0,21.04557930670914,22.71510874843,23.640545015887874,7.193117770374026,8.249687312500534,1.1508988432598442
Dacoity,ARIMA,6,1,23.684901694534073,25.575788671665222,27.138287979152352,9.122031292936555,10.795071801413076,1.455643291426046
Dacoity,ARIMA,6,2,17.630662162697643,15.931626573895205,16.088538108632907,4.248433753065274,5.2010065058078645,0.6069191075807534
Dacoity,ARIMA,6,3,22.970539989359516,22.454973822559886,21.680115118580847,5.950568063015794,6.661796399665708,0.8221179560745505
Dacoity,ARIMA,6,4,10.393353708162255,10.861421488164769,10.989117591175905,3.3127335539083567,4.1632018156771045,0.4217803994366077
Dacoity,SARIMA,6,0,26.39079314798823,26.310176528543995,32.94421193048156,8.331555900749448,10.17530598546413,1.3330489441199118
Dacoity,SARIMA,6,1,24.922711472455024,27.3013404183843,30.246753118850368,9.73747808260257,12.19324607372717,1.5538528855216867
Dacoity,SARIMA,6,2,50.05138323256172,46.124042545416536,38.33903276022579,12.299744678854616,13.624707562057136,1.7571063826935165
Dacoity,SARIMA,6,3,45.16142523957621,40.772632658246984,37.51755948290234,10.804747654503403,12.432610173974924,1.492761189109023
Dacoity,SARIMA,6,4,22.16586731246448,22.54350037178329,24.71997515412753,6.875767613431475,7.683421768392062,0.8754292982618324
Dacoity,LGBM,6,0,22.36730761234652,25.45249481764147,28.264056816067363,8.059956692295552,11.432423983912777,1.2895930707672882
Dacoity,LGBM,6,1,27.418729911284828,30.645756590188782,34.96145385624641,10.930319850551742,14.55565698022796,1.7441999761518736
Dacoity,LGBM,6,2,16.95935510857248,18.663598597547622,19.886351740016295,4.976959626043805,7.106474728171222,0.7109942322919721
Dacoity,LGBM,6,3,31.379918955908376,32.10249451843425,31.265216013714713,8.50716104743858,9.657014467689349,1.1753314605013827
Dacoity,LGBM,6,4,22.187810919249614,22.148153148658558,23.661933622235775,6.755186710377774,8.069114480394866,0.8600768225414671
Dacoity,Ensemble,6,0,22.002165599021914,24.077756206445294,25.806956012026067,7.624622798747805,9.232101704157744,1.219939647799649
Dacoity,Ensemble,6,1,18.174591632065574,20.127159108903076,20.661309263107466,7.178686748875641,9.225737807079456,1.145535119501432
Dacoity,Ensemble,6,2,25.45623570843056,23.686919945891322,22.70489608840885,6.3165119856104965,6.930714945159921,0.9023588550872138
Dacoity,Ensemble,6,3,32.2906135363981,30.417888273143657,28.79595781046767,8.060740392433765,8.64417968648159,1.1136549226388754
Dacoity,Ensemble,6,4,16.019208438566316,16.438492475522708,17.222172977204806,5.013740205061824,5.555447204662872,0.6383541905649006
Dacoity,Naive,12,0,43.77316689988462,46.53465346523135,57.75482098658614,15.666666666666666,17.277152543170995,2.5066666666666664
Dacoity,Naive,12,1,39.541707948056285,32.08556149724041,30.27859414285598,10.0,11.88836966675134,1.5957446808510638
Dacoity,Naive,12,2,16.895514978848315,19.122257053231593,18.931660918476766,5.083333333333333,6.788470618138767,0.7261904761904762
Dacoity,Naive,12,3,16.72277935264587,16.959064327435794,17.061761697507613,4.833333333333333,5.686240703077327,0.6677631578947368
Dacoity,Naive,12,4,23.5897857996968,30.612244897896712,29.360965207945338,12.5,18.87237840513661,1.5915119363395225
Dacoity,SNaive,12,0,23.846508152754385,25.247524752412755,28.676343954852022,8.5,10.677078252031311,1.36
Dacoity,SNaive,12,1,30.751746724659622,31.01604278066573,31.50952259410093,9.666666666666666,11.561430130683084,1.5425531914893615
Dacoity,SNaive,12,2,43.8634575301242,39.18495297793359,34.143397802627476,10.416666666666666,12.65240425110316,1.488095238095238
Dacoity,SNaive,12,3,37.91786778911362,33.33333333323587,31.79649658997379,9.5,11.818065267490557,1.3125
Dacoity,SNaive,12,4,37.71190205914504,43.46938775501333,47.603057731243396,17.75,22.907422377910613,2.259946949602122
Dacoity,ETS,12,0,30.46780225937184,31.765674533967765,37.258549453166474,10.694443759795618,12.074996659200652,1.711111001567299
Dacoity,ETS,12,1,24.188989720752517,22.100773329191263,22.03203498428399,6.888074354283027,8.080149973868,1.0991608012153766
Dacoity,ETS,12,2,39.036868482280035,35.028001745861644,31.1433754336305,9.31161046413741,10.930330816667462,1.3302300663053441
Dacoity,ETS,12,3,27.520942634424237,24.616429833570667,24.327184159491498,7.015682502588153,8.077313789399131,0.969271924699679
Dacoity,ETS,12,4,30.887018785758862,37.5311234898307,39.88967407896041,15.325208758378812,21.130104314411955,1.9512202132683898
Dacoity,Theta,12,0,24.8158522986059,27.87822095964028,29.769710815580357,9.385667723102125,11.43017865239823,1.5017068356963401
Dacoity,Theta,12,1,28.79674171542052,25.901188913614604,25.190375875551744,8.072537211431468,9.920449949913335,1.2881708316114044
Dacoity,Theta,12,2,33.51046701000513,29.531953186750147,27.55349759277718,7.850577555502357,8.733075687322065,1.1215110793574796
Dacoity,Theta,12,3,16.656369246129422,15.716111750612487,15.799318214410793,4.479091848937656,5.478522314902008,0.6188219001821761
Dacoity,Theta,12,4,26.562817832521198,34.33546851400693,34.27825695824529,14.020316309914776,20.5691884820939,1.7850800606788042
Dacoity,ARIMA,12,0,23.737439091967204,25.890525370897947,27.340597729158755,8.716476874890551,10.232845679756121,1.3946362999824882
Dacoity,ARIMA,12,1,20.32518054307242,21.312686816319165,21.45804864293595,6.642454057770567,8.468510511248956,1.0599660730484948
Dacoity,ARIMA,12,2,20.436440726339434,19.21008356212981,18.909634802815756,5.106680546948849,5.954002534193362,0.7295257924212641
Dacoity,ARIMA,12,3,16.736926094422024,16.292895043517152,16.375775776498834,4.643475087415966,5.53980529024184,0.6415327423403636
Dacoity,ARIMA,12,4,25.04485751917201,32.75531819383385,32.10136915271869,13.37508826250945,20.02276332437775,1.7029290095502747
Dacoity,SARIMA,12,0,32.280914738790194,33.495398122461296,40.95124922795179,11.276784034589882,13.422820037367545,1.804285445534381
Dacoity,SARIMA,12,1,32.65343954830198,31.923444349821978,31.82541010339885,9.949473489054453,11.768398665512958,1.587681939742732
Dacoity,SARIMA,12,2,58.67670933981436,51.43183286923721,41.28192845048803,13.672295571115086,16.30145199126353,1.9531850815878695
Dacoity,SARIMA,12,3,36.32330798503662,34.341750402757974,36.27345925937027,9.78739886481464,11.720391065641113,1.3522064221125492
Dacoity,SARIMA,12,4,37.80604242370241,43.56845302086458,47.770245528318675,17.79045165022268,22.944334892018645,2.2650972923360437
Dacoity,LGBM,12,0,23.725819657470133,26.710034420035722,29.61550372945279,8.992378254767617,12.121017274197161,1.4387805207628188
Dacoity,LGBM,12,1,23.561225604381754,26.868983891266616,27.573996383357713,8.37416664613382,11.980491362968305,1.3363031882128436
Dacoity,LGBM,12,2,21.102844526134408,22.16470364090379,21.654815864537987,5.892117051225394,7.708609415957599,0.8417310073179135
Dacoity,LGBM,12,3,25.248777055851,24.725919942993063,24.595638799268283,7.046887183773627,8.354254851247488,0.9735830977581985
Dacoity,LGBM,12,4,26.894242679704654,31.108598982786173,31.69213556584827,12.702677917996944,17.372584864483905,1.6173170823974887
Dacoity,Ensemble,12,0,24.720017983708505,27.50720771231671,29.66791182767285,9.260759929836215,11.300541780143579,1.4817215887737945
Dacoity,Ensemble,12,1,23.32815525134069,23.517003103193428,23.269918933380463,7.329465967181549,8.81330208982402,1.1695956330608854
Dacoity,Ensemble,12,2,31.937434456219176,28.739597707151532,26.786683402917426,7.639943057175064,8.671288130249202,1.091420436739295
Dacoity,Ensemble,12,3,23.133914532319498,21.74016913760444,21.743511796175653,6.195948204235382,7.022956799397931,0.8560191597956778
Dacoity,Ensemble,12,4,28.764198849540552,35.35995203559635,35.97013311617829,14.43864708123131,20.112775483696993,1.8383423339498748
